Title,Author
"Blueprints: How mathematics shapes creativity","Marcus du Sautoy"
"Why We Die: The groundbreaking must-read exploration of longevity from Nobel Prize-winning biologist and trusted expert","Venki Ramakrishnan"
"Proto: A New History of Our Ancient Past, From the Author of the International Bestseller Pale Rider","Laura Spinney"
"Forgotten Forests: A Comprehensive New History of Our Trees and Woodlands","Jonathan Mullard"
"Celestial Lights: the dazzling new novel from the author of Wandering Souls","Cecile Pin"
"Smart Money: The Fall and Rise of Brentford FC","Alex Duff"
"How to Win the Premier League: The Sunday Times Bestselling Inside Story of Football's Data Revolution","Ian Graham"
"The Foot on the Crown: An extraordinary final novel from the unmistakable, mischievous imagination of the creator of Bryant &amp; May","Christopher Fowler"
"Bookish: A Love Letter to Reading","Lucy Mangan"
"Little Englanders: Britain in the Edwardian Era","Alwyn Turner"
"The Doors of Eden: An exhilarating voyage into extraordinary realities from a master of science fiction","Adrian Tchaikovsky"
"The Pentagon’s Brain: An Uncensored History of DARPA","Annie Jacobsen"
"The Golden Throne: The Story of Suleyman the Magnificent","Christopher de Bellaigue"
"To the Moon and Back: A Reese’s Book Club Pick about a Cherokee woman’s queer coming-of-age and impossible astronaut dream","Eliana Ramage"
"The Formation of Christendom (Princeton Classics Book 120)","Judith Herrin"
"Beyond the Wall: East Germany, 1949-1990","Katja Hoyer"
"The Sportsman at Home: Flavoursome Recipes for Nostalgic Eating","Stephen Harris"
"The Nazi Mind: Twelve Warnings From History. The Sunday Times bestseller","Laurence Rees"
"Bright Green Futures: 2024 (Solarpunk Anthology)","Renan Bernardo, Sarena  Ulibarri, T. K.  Rex, Danielle Arostegui,  BrightFlame, Ana Sun, Susan Quinn"
"The Grammar of Angels: A Search for the Magical Powers of Language in Renaissance Italy","Edward Wilson-Lee"
"Trans-Europe Express: Tours of a Lost Continent","Owen Hatherley"
"Entangled Life: How Fungi Make Our Worlds, Change Our Minds and Shape Our Futures","Merlin Sheldrake"
"The Immortalists: The Death of Death and the Race for Eternal Life","Aleks Krotoski"
"If Anyone Builds It, Everyone Dies: The Case Against Superintelligent AI","Eliezer Yudkowsky, Nate Soares"
"Northerners: The bestselling history of the North of England","Brian Groom"
"What You Are Looking for is in the Library: The uplifting, Japanese fiction multi-million copy bestseller","Michiko Aoyama"
"Tank: The 10 War Machines That Changed the World and the Remarkable Men Behind Them","Mark Urban"
"Curiosities of Literature: A Feast for Book Lovers","John Sutherland"
"The Wolf Age: The Vikings, the Anglo-Saxons and the Battle for the North Sea Empire","Tore Skeie"
"A Cat's Tale: A Journey Through Feline History","Baba the Cat, Paul Koudounaris"
"Goliath’s Curse: The History and Future of Societal Collapse","Luke Kemp"
"The Proof of My Innocence: A hilarious new novel from the bestselling author of Middle England","Jonathan Coe"
"Colditz: Prisoners of the Castle: The incredible true story of WW2's most infamous Nazi prison from the Sunday Times bestseller","Ben  Macintyre"
"The Mission: A True Story","David W. Brown"
"Made in Manchester: A Financial Times Book of the Year – the perfect gift for any Mancunian","Brian Groom"
"COOK: Serve up Joy: Recipes for sharing: The first book from the much-loved frozen meals brand","The COOK Kitchen"
"The Technology Trap: Capital, Labor, and Power in the Age of Automation","Carl Benedikt Frey"
"Euclid in the Rainforest: Discovering Universal Truth in Logic and Math","Joseph Mazur"
"Enlightening Symbols: A Short History of Mathematical Notation and Its Hidden Powers","Joseph Mazur"
"Silent Service: Submarine Warfare from World War II to the Present?An Illustrated and Oral History","Philip Kaplan"
"The Hidden Language of Cats: Learn what your feline friend is trying to tell you","Dr Sarah Brown"
"Bewilderment: Shortlisted for the Booker Prize","Richard Powers"
"Apollo Remastered: The Sunday Times Bestseller","Andy Saunders"
"The Wide Wide Sea: One of the New York Times Top Ten Books of 2024","Hampton Sides"
"A Flat Place: Shortlisted for the Women’s Prize for Non-Fiction 2024","Noreen Masud"
"Time in Maps: From the Age of Discovery to Our Digital Era","Kären Wigen, Caroline Winterer"
"The Coming Wave: AI, Power and Our Future: The instant Sunday Times bestseller from the ultimate AI insider","Mustafa Suleyman, Michael Bhaskar"
"Fake Heroes: Ten False Icons and How they Altered the Course of History","Otto English"
"Borderlines: The fascinating history of Europe in 29 borders from leading political analyst and Tim Marshall's 'borders expert'","Lewis Baston"
"The Eastern Front: A History of the First World War","Nick Lloyd"
"James: Winner of the 2025 Pulitzer Prize for Fiction","Percival Everett"
"Prophet Song: WINNER OF THE BOOKER PRIZE 2023","Paul Lynch"
"Everything Must Go: The Stories We Tell About the End of the World","Dorian Lynskey"
"The Rise and Fall of Nations: Ten Rules of Change in the Post-Crisis World","Ruchir Sharma"
"Chokepoints: How Economic Warfare is Changing the World - FT BUSINESS BOOK OF THE YEAR SHORTLISTED","Edward Fishman"
"Invention and Innovation: A Brief History of Hype and Failure","Vaclav Smil"
"Money: A Story of Humanity","David McWilliams"
"Money: A Story of Humanity","David McWilliams"
"Ancient Perspectives: Maps and Their Place in Mesopotamia, Egypt, Greece, and Rome (The Kenneth Nebenzahl Jr. Lectures in the History of Cartography)","Richard J. A. Talbert"
"The Writing School: A memoir","Miranda France"
"Reading Lessons: An English Teacher’s Love Letter to the Books that Shape Us","Carol Atherton"
"The Memory of Animals: From the Costa Novel Award-winning author of Unsettled Ground","Claire Fuller"
"The Second Sleep: From the bestselling author of Conclave","Robert Harris"
"Victory City: The mesmerising novel from the Booker prize-winning, Sunday Times bestselling author of Midnight’s Children","Salman Rushdie"
"Magus: The Art of Magic from Faustus to Agrippa","Anthony Grafton"
"How to Feed the World: A Factful Guide","Vaclav Smil"
"How Sondheim Can Change Your Life","Richard Schoch"
"Storyland: A New Mythology of Britain","Amy Jeffs"
"Stranger Than Fiction: Lives of the Twentieth-Century Novel","Edwin Frank"
"Unlikely Story","Ali Rosen"
"Prisoners of Geography: The Quiz Book: How Much Do You Really Know About the World? The perfect gift for any armchair traveller","Tim Marshall"
"A History of War in 100 Battles: A Renowned Expert's Military Reference of Global Conflict and Warfare","Richard Overy"
"The Ends of the World: Volcanic Apocalypses, Lethal Oceans and Our Quest to Understand Earth's Past Mass Extinctions","Peter Brannen"
"Local: A Search for Nearby Nature and Wildness","Alastair Humphreys"
"Home: A Time Traveller's Tales from Britain's Prehistory","Francis Pryor"
"UnRoman Britain: Exposing the Great Myth of Britannia","Dr Miles Russell, Stuart Laycock"
"Patria: A spellbinding history of South America, as heard on hit podcast The Rest Is History","Laurence Blair"
"Why Machines Learn: The Elegant Maths Behind Modern AI","Anil Ananthaswamy"
"Rutherford and Fry’s Complete Guide to Absolutely Everything (Abridged): new from the stars of BBC Radio 4","Adam Rutherford, Hannah Fry"
"The War That Made the Roman Empire: Antony, Cleopatra, and Octavian at Actium","Barry Strauss"
"History for Tomorrow: Inspiration from the Past for the Future of Humanity","Roman Krznaric"
"The Biggest Number in the World: A Journey to the Edge of Mathematics","David Darling, Agnijo Banerjee"
"Space: A thrilling human history by Britain's beloved astronaut Tim Peake","Tim Peake"
"Living on the Edge of Empire: The Objects and People of Hadrian's Wall","Rob Collins"
"Behind the Lines: WWI's little-known story of German occupation, Belgian resistance, and the band of Yanks who helped save millions from starvation. Beginnings, 1914.","Jeffrey B. Miller"
"Bookworm: A Memoir of Childhood Reading","Lucy Mangan"
"We, Robots: Artificial Intelligence in 100 Stories","Simon Ings"
"A Beginner's Guide to Constructing the Universe: The Mathematical Archetypes of Nature, Art, and Science","Michael S. Schneider"
"Why I Read: The Serious Pleasure of Books","Wendy Lesser"
"Our Final Invention: Artificial Intelligence and the End of the Human Era","James Barrat"
"The Writer's Library: The Authors You Love on the Books That Changed Their Lives","Nancy Pearl, Jeff Schwager"
"Stuffed: A History of Good Food and Hard Times in Britain","Pen Vogler"
"Science in Medieval Islam: An Illustrated Introduction","Howard R. Turner"
"The Longevity Seekers: Science, Business, and the Fountain of Youth","Ted Anton"
"An African History of Africa: Instant Sunday Times bestseller and shortlisted for the Nero Book Awards","Zeinab Badawi"
"Starve Acre: 'Beautifully written and triumphantly creepy' Mail on Sunday","Andrew Michael Hurley"
"The Singularity is Nearer: When We Merge with AI","Ray Kurzweil"
"The West: A New History of an Old Idea","Naoíse Mac Sweeney"
"How Infrastructure Works: Transforming our shared systems for a changing world","Deb Chachra"
"Cahokia Jazz: From the prizewinning author of Golden Hill 'the best book of the century' Richard Osman","Francis Spufford"
"The Savage Storm: The Heroic True Story of One of the Least told Campaigns of WW2","James Holland"
"The Quest For Arthur's Britain","Geoffrey Ashe, Geoffrey Ashe"
"Chancing It: The Laws of Chance and How They Can Work for You","Robert Matthews"
"Moneta: A History of Ancient Rome in Twelve Coins","Gareth Harney"
"How to Read a Tree: A must-have for all nature lovers - perfect reading for your summer adventures","Tristan Gooley"
"In Any Lifetime: A Novel","Marc Guggenheim"
"The Almighty Dollar: Follow the Incredible Journey of a Single Dollar to See How the Global Economy Really Works","Dharshini David"
"Don't Stop the Music: A Year of Pop History, One Day at a Time - from 1894 to the present","Justin Lewis"
"Blue Machine: How the Ocean Shapes Our World","Helen Czerski"
"Red Smoking Mirror: 'The love child of JG Ballard and Ursula K Le Guin' Joanna Pocock","Nick Hunt"
"Why The Allies Won","Dr Richard Overy"
"Philosophy and Life: Exploring the Great Questions of How to Live","A. C. Grayling"
"Taking Flight: How Animals Learned to Fly and Transformed Life on Earth","Lev Parikian"
"One for Joy: An introvert’s guide to the secret world of solitude","Tom Albrighton"
"The Book Forger: The true story of a literary crime that fooled the world","Joseph Hone"
"Impossible Monsters: How the Discovery of Dinosaurs Changed the World","Michael Taylor"
"Masters of the Air: How The Bomber Boys Broke Down the Nazi War Machine","Donald L. Miller"
"Fluke: Chance, Chaos, and Why Everything We Do Matters","Dr Brian Klaas"
"The Unaccountability Machine: Why Big Systems Make Terrible Decisions - and How The World Lost its Mind","Dan Davies"
"The Beauty and the Terror: An Alternative History of the Italian Renaissance","Catherine Fletcher"
"Berlin: Life and Loss in the City That Shaped the Century. From the bestselling author of Dresden","Sinclair McKay"
"Thinking in Pictures: Adventures in Trying to be Smart","Michael Blastland"
"Urban Jungle: Wilding the City, from the author of Metropolis","Ben Wilson"
"Poems That Make Grown Women Cry","Anthony Holden, Ben Holden"
"Poems That Make Grown Men Cry: 100 Men on the Words That Move Them","Anthony Holden, Ben Holden"
"Not the End of the World: The Sunday Times bestseller that will make you rethink everything you thought you knew about climate change","Hannah Ritchie"
"Oasis' Definitely Maybe (33 1/3)","Mr Alex Niven"
"Chinaman: From author of Booker Prize 2022 winner The Seven Moons of Maali Almeida","Shehan Karunatilaka"
"See What You're Missing: 31 Ways Artists Notice the World – and How You Can Too","Will Gompertz"
"Abyss: The Cuban Missile Crisis 1962","Sir Max Hastings"
"Europa Deep","Gary Gibson"
"Orbital: Winner of the Booker Prize","Samantha Harvey"
"The Real James Herriot: The Authorized Biography","Jim Wight"
"November 1942: An Intimate History of the Turning Point of the Second World War","Peter Englund"
"Tomorrow, and Tomorrow, and Tomorrow: The perfect beach read and million-copy bestseller","Gabrielle Zevin"
"1123 Hard To Believe Facts: From the Creator of the Popular Trivia Website RaiseYourBrain.com (Trivia and Quizzes)","Nayden Kostov, Jonathon Tabet"
"Einstein in Time and Space: A Life in 99 Particles","Samuel Graydon"
"The Lost Rainforests of Britain: The Sunday Times bestselling book investigating Britain's forgotten temperate rainforests","Guy Shrubsole"
"Philosophy for Life: And other dangerous situations","Jules Evans"
"The Restaurant: A History of Eating Out","William Sitwell"
"Red Sauce Brown Sauce: A British Breakfast Odyssey","Felicity Cloake"
"Before the Big Bang: The Origin of Our Universe from the Multiverse","Laura Mersini-Houghton"
"Nigella Christmas: Your ultimate guide to Christmas cooking from the bestselling author, now a judge on the Great British Bake Off","Nigella Lawson"
"Material World: A Substantial Story of Our Past and Future","Ed Conway"
"The Future of Geography: How Power and Politics in Space Will Change Our World – THE NO.1 SUNDAY TIMES BESTSELLER* (Tim Marshall on Geopolitics Book 3)","Tim Marshall"
"Size: How It Explains the World","Vaclav Smil"
"An MBA in a Book: Everything You Need to Know to Master Business - In One Book! (A Degree in a Book)","Xander Cansell"
"Airside","Christopher Priest"
"Fire, Ice, and Physics: The Science of Game of Thrones","Rebecca C. Thompson"
"Why Is This a Question?: Everything About the Origins and Oddities of Language You Never Thought to Ask","Paul Anthony Jones"
"The Edge of the Plain: How Borders Make and Break Our World","James Crawford"
"Nine Musings on Time: Science Fiction, Science Fact, and the Truth about Time Travel","John Gribbin"
"The Private Lives of the Saints: Power, Passion and Politics in Anglo-Saxon England","Janina Ramirez"
"Bournville: A moving, brutally funny portrait of Britain told through four generations of one family by the award-winning author of Middle England","Jonathan Coe"
"Attack Warning Red!: How Britain Prepared for Nuclear War","Julie  Mcdowall"
"Papyrus: THE MILLION-COPY GLOBAL BESTSELLER","Irene Vallejo"
"Homelands: A Personal History of Europe","Timothy Garton Ash"
"Pathogenesis: How germs made history: A Sunday Times Science Book of the Year","Jonathan Kennedy"
"Future Stories: A user's guide to the future","David Christian"
"The North Will Rise Again: In Search of the Future in Northern Heartlands","Alex Niven"
"Otherlands: A World in the Making - The Sunday Times bestseller","Thomas Halliday"
"How to Speak Whale: A Voyage into the Future of Animal Communication","Tom Mustill"
"Pasta: over 100 mouth-watering recipes from master chef and pasta expert Theo Randall","Theo Randall"
"The House of Dudley: A New History of Tudor England. A TIMES Book of the Year 2022","Dr Joanne Paul"
"A Natural History of the Future: What the Laws of Biology Tell Us About the Destiny of the Human Species","Rob Dunn"
"Crusader: By Horse to Jerusalem","Tim Severin"
"In Search of the Dark Ages","Michael Wood"
"Solaris","Stanislaw Lem"
"British Rail","Christian Wolmar"
"The Limits of Love","Frederic Raphael"
"A Village Called Sin (Guy Bellamy Comedy)","Guy  Bellamy"
"The Biggest Ideas in the Universe 1: Space, Time and Motion","Sean M. Carroll"
"Electronics All-in-One For Dummies","Doug Lowe"
"A Brief History of the Future: A Brave and Controversial Look at the Twenty-First Century","Jacques Attali"
"In Ascension: Winner of the Arthur C. Clarke Award 2024","Martin MacInnes"
"What If?2: Additional Serious Scientific Answers to Absurd Hypothetical Questions","Randall Munroe"
"The First Crusade: The Call from the East","Peter Frankopan"
"The Dawn of Everything: A New History of Humanity","David Graeber, David Wengrow"
"The Story of China: A portrait of a civilisation and its people","Michael Wood"
"How Spies Think: Ten Lessons in Intelligence","David Omand"
"Paris 1919: Six Months that Changed the World","Margaret MacMillan"
"Medieval Horizons: Why the Middle Ages Matter","Ian Mortimer"
"Metamorphosis: A Life in Pieces","Robert Douglas-Fairhurst"
"The Swerve: How the Renaissance Began","Stephen Greenblatt"
"The Journey of Humanity: And the Keys to Human Progress","Oded Galor"
"First of the Summer Wine: George Hirst, Schofield Haigh, Wilfred Rhodes and the Gentle Heart of Yorkshire Cricket","Harry Pearson"
"The Submariners: Life in British Submarines, 1901-1999 (20th Century Naval Innovations)","John Winton"
"Warlords of Ancient Mexico: How the Mayans and Aztecs Ruled for More Than a Thousand Years","Peter G. Tsouras"
"A Silent Fire: The Story of Inflammation, Diet and Disease","Shilpa Ravella"
"London In The Eighteenth Century: A Great and Monstrous Thing","Jerry White"
"Curry: Authentic flavours from the world of spice for the modern cook","Vivek Singh"
"All These Worlds: Reviews and Essays","Niall Harrison"
"Dogs of War","Adrian Tchaikovsky"
"Hearts of Oak and Souls of Fire: Warfare in the Age of Sail 1755-1815","Ed Kernahan"
"The World","Simon Sebag Montefiore"
"Milestones of Space: Eleven Iconic Objects for the Smithsonian National Air and Space Museum (Smithsonian Series)","Michael J. Neufeld, Michael Neufeld"
"Black Holes: The Key to Understanding the Universe","Brian  Cox"
"Terry Pratchett: A Life With Footnotes: The moving and joyously funny must-read official biography of one of our finest storytellers","Rob Wilkins"
"The Biology Book: Big Ideas Simply Explained (DK Big Ideas)","DK"
"Moon Witch, Spider King: Dark Star Trilogy 2","Marlon James"
"Alexander Pope: A Literary Life","Felicity Rosslyn"
"A Brief History of Seven Killings: Special 10th Anniversary Edition of the Booker Prizewinner","Marlon James"
"Madame Zero","Sarah Hall"
"Apollo's Eye: A Cartographic Genealogy of the Earth in the Western Imagination","Denis Cosgrove"
"The Astronomy Book: Big Ideas Simply Explained (DK Big Ideas)","DK"
"Rendezvous with Arthur C. Clarke: Centenary Essays (SF Storyworlds: Critical Studies in Science Fiction Book 9)","Andrew Butler, Andy Sawyer, Patrick Parrinder, Thore Bjørnvig, Jim Clarke, Helen Rozwadowski, Alexey Dodsworth-Magnavita, Lyu Guangzhao, Joseph Norman, Paul March-Russell"
"Super-Infinite: The Transformations of John Donne - Winner of the Baillie Gifford Prize for Non-Fiction 2022","Katherine Rundell"
"The Doors of Perception: And Heaven and Hell (Vintage classics)","Aldous Huxley"
"The Rise and Reign of the Mammals: A New History, from the Shadow of the Dinosaurs to Us","Steve Brusatte"
"Conversations on Love: The Sunday Times bestseller exploring relationships, friendship, parenthood and grief, featuring Dolly Alderton, Alain de Botton and more","Natasha Lunn"
"Flirting For Dummies","Elizabeth Clark"
"Abominable Science!: Origins of the Yeti, Nessie, and Other Famous Cryptids","Daniel Loxton, Donald R. Prothero"
"Dam Busters: The Race to Smash the Dams, 1943","James Holland"
"Babel: The SUNDAY TIMES and #1 NEW YORK TIMES bestseller","R.F. Kuang"
"Meditations (Penguin Classics)","Marcus Aurelius"
"Doing Physics: How Physicists Take Hold of the World","Martin H. Krieger"
"Buried: An alternative history of the first millennium in Britain","Alice Roberts"
"Words from the Heart: An Emotional Dictionary","Susie Dent"
"When McKinsey Comes to Town: The Hidden Influence of the World's Most Powerful Consulting Firm","Walt Bogdanich, Michael Forsythe"
"Life Time: The New Science of the Body Clock, and How It Can Revolutionize Your Sleep and Health","Russell Foster"
"The Oriental Adventure: Explorers of the East (Search Book 7)","Tim Severin"
"Disorientation","Elaine Hsieh Chou"
"Tracking Marco Polo (Search Book 4)","Tim Severin"
"The Chemistry of Love","Sariah Wilson"
"Disney and Philosophy: Truth, Trust, and a Little Bit of Pixie Dust (The Blackwell Philosophy and Pop Culture Series)","Richard Brian Davis"
"The Jason Voyage","Tim Severin"
"Existential Physics: A Scientist's Guide to Life's Biggest Questions","Sabine Hossenfelder"
"The Never-Ending War: Terrorism in the 80s","Ronald Payne, Christopher Dobson"
"Slip-Up: How Fleet Street Found Ronnie Biggs And Scotland Yard Lost Him - The Story Behind The Scoop","Anthony Delano"
"To Paradise: A powerful novel of love, freedom, and family, from the author of the Booker-shortlisted A Little Life","Hanya Yanagihara"
"Infinity in the Palm of Your Hand: Fifty Wonders That Reveal an Extraordinary Universe","Marcus Chown"
"Multispecies Cities: Solarpunk Urban Futures","Priya  Chabria, N. R. M.  Roshak, Meyari  McFarland, Kate  Bui, D.A.  Spires, Joyce  Chng, Caroline  Yoachim, Phoebe  Wagner, Taiyo  Fujii, Rimi   Chatterjee"
"A Year in the Life of Ancient Egypt: The Real Lives of the People Who Lived There","Dr Donald P. Ryan"
"A Year in the Life of Ancient Greece: The Real Lives of the People Who Lived There","Dr Philip Matyszak"
"C. S. Lewis: The Man Who Created Narnia","Michael Coren"
"How to make the best coffee at home: Sunday Times bestseller from world-class barista","James Hoffmann"
"Riding High in April: A Novel","Jackie Townsend"
"Hitler at Home","Despina Stratigakos"
"What We Owe The Future: The Sunday Times Bestseller","William MacAskill"
"The Slow Cook Book: Over 200 Oven and Slow Cooker Recipes","Heather Whinney"
"Forests of the Night","Tanith Lee"
"Reading the World: How I Read a Book from Every Country","Ann Morgan"
"How the Army Made Britain a Global Power, 1688–1815","Jeremy Black"
"Arnhem: The Battle for the Bridges, 1944: The Sunday Times No 1 Bestseller","Antony Beevor"
"Future Superhuman: Our transhuman lives in a make-or-break century","Elise Bohan"
"Life Through the Ages II: Twenty-first Century Visions of Prehistory","Mark P. Witton"
"A Marine's Conflict (A Marine's Heart Book 4)","Jax Meyer, Elle Armstrong"
"I Love You, Lola Bloom","Rosy Dee"
"The Club Revisited","A.L.  Brooks"
"The Club","A.L. Brooks"
"Grocery: The Buying and Selling of Food in America","Michael Ruhlman"
"Shadowlands: A Journey Through Lost Britain","Matthew Green"
"The Black Jacobins: Toussaint L'Ouverture and the San Domingo Revolution (Penguin History S.)","C. L. R. James, James Walvin"
"Soul of the Age: The Life, Mind and World of William Shakespeare","Sir Jonathan Bate"
"Korean Home Cooking: Classic and Modern Recipes","Sohui Kim, Rachel Wharton"
"Be More Japan: The Art of Japanese Living","DK Eyewitness"
"The 99% Invisible City: A Field Guide to the Hidden World of Everyday Design","Roman Mars, Kurt Kohlstedt, 99% Invisible"
"William Shakespeare: A Popular Life","Garry O’Connor"
"Geology: A Complete Introduction: Teach Yourself: A step-by-step Teach Yourself guide to use at home, school or college","David Rothery"
"Falling Felines and Fundamental Physics","Gregory J. Gbur"
"The Shape of a Life: One Mathematician's Search for the Universe's Hidden Geometry","Shing-Tung Yau, Steve Nadis"
"Sergeant Gregson's War","Jim Gregson, J M Gregson"
"Quintember: The First Volume of the Misdemeanours of Dr Felix Culpepper","Richard Major"
"In Pursuit of Early Mammals (Life of the Past)","Zofia Kielan-Jaworowska"
"Cage of Souls: Shortlisted for the Arthur C. Clarke Award 2020","Adrian Tchaikovsky"
"The Next World War: The Warriors and Weapons of the New Battlefields in Cyberspace","James Adams"
"Rule Britannia (Peter Padfield Naval History)","Peter Padfield"
"The Children of Ash and Elm: A History of the Vikings","Neil S. Price"
"How the World Really Works: A Scientist’s Guide to Our Past, Present and Future","Vaclav Smil"
"The Assassination of Lenin","Nigel Cawthorne"
"Waterloo, Waterloo","Teresa Waugh"
"An A-Z of Pasta: A guide to some of the many shapes, stories and recipes for pasta, by the award-winning food writer","Rachel Roddy"
"London Overground: A Day's Walk Around the Ginger Line","Iain Sinclair"
"Paris: The Secret History","Andrew Hussey"
"Mythology (75th Anniversary Illustrated Edition): Timeless Tales of Gods and Heroes","Edith Hamilton"
"Chronicles of a Liquid Society","Umberto Eco"
"Made in India: An Indian cookbook filled with 130 simple, fresh and flavourful recipes","Meera Sodha"
"The Interest: How the British Establishment Resisted the Abolition of Slavery","Michael Taylor"
"Barça: The rise and fall of the club that built modern football","Simon Kuper"
"Football in Sun and Shadow (Penguin Modern Classics)","Eduardo Galeano"
"Writers and Their Notebooks","Diana M. Raab"
"Smart Luck and the Seven Other Qualities of Great Entrepreneurs","Andrew Davidson"
"The New Complete Book of Self-Sufficiency: The Classic Guide for Realists and Dreamers (Dk)","John Seymour"
"My Big Fat Greek Cookbook: Classic Mediterranean Soul Food Recipes","Christos Sourligas, Evdokia Antginas"
"Groovy Science: Knowledge, Innovation, and American Counterculture","David Kaiser, W. Patrick McCray"
"Offbeat (Revised &amp; Updated): British Cinema’s Curiosities, Obscurities and Forgotten Gems","Julian Upton"
"Maritime Dominion and the Triumph of the Free World: Naval campaigns that shaped the modern world 1852-2001 (The Maritime Trilogy Book 3)","Peter Padfield"
"Liberty's Dawn: A People's History of the Industrial Revolution","Emma Griffin"
"Cowboys of the Americas: The Realities of Life as a Cowboy","Richard W. Slatta"
"Monks and Wine","Desmond Seward"
"The Sindbad Voyage","Tim Severin"
"Why We Kneel How We Rise: WINNER OF THE WILLIAM HILL SPORTS BOOK OF THE YEAR PRIZE","Michael Holding"
"Timekeepers: How the World Became Obsessed with Time","Simon Garfield"
"A Great and Godly Adventure","Godfrey Hodgson"
"Aftermath: Life in the Fallout of the Third Reich","Harald Jähner"
"Diving into the Wreck: A Diving Novel (The Diving Series Book 1)","Kristine Kathryn Rusch"
"The Autobiography of the British Soldier: From Agincourt to Basra, in His Own Words","John Lewis-Stempel"
"The Ulysses Voyage","Tim Severin"
"The Card Catalog: Books, Cards, and Literary Treasures","The Library of Congress"
"Wally Hammond: Gentleman &amp; Player","Roderick Easdale"
"Ask A Historian: 50 Surprising Answers to Things You Always Wanted to Know","Greg Jenner"
"Dreamland: SOON TO BE A MAJOR BBC DRAMA","Rosa Rankin-Gee"
"Spartacus: The Myth and the Man","M. J.  Trow"
"Goshawk Squadron (R.F.C Quartet)","Derek Robinson"
"Immune: A Journey into the Mysterious System That Keeps You Alive - from YouTube's KURZGESAGT IN A NUTSHELL","Philipp Dettmer"
"Made in Italy: Food and Stories","Giorgio Locatelli"
"An Englishman at War: The Wartime Diaries of Stanley Christopherson DSO MC &amp; Bar 1939-1945","Stanley Christopherson, James Holland"
"AI 2041: Ten Visions for Our Future","Kai-Fu Lee, Chen Qiufan"
"The Great War Generals on the Western Front, 1914-1918","Robin Neillands"
"After the Dinosaurs: The Age of Mammals","Donald R. Prothero"
"Linebacker: The Untold Story of the Air Raids over North Vietnam","Karl J. Eschmann"
"A Way Through the Wilderness: The Natchez Trace and the Civilization of the Southern Frontier","William C. Davis"
"The Vanishing Ice: Diaries of a Scottish snow hunter","Iain Cameron"
"Naval Battles of the Twentieth Century","Richard Hough"
"The Complete Dinosaur (Life of the Past)","Thomas R. Holtz, James O. Farlow, Thomas R. Holtz, James O. Farlow, Michael K. Brett-Surman"
"Hammer For Princes (Kinghood Book 1)","Cecelia Holland"
"Model Behaviour","Simon Brooke"
"The 1619 Project: A New American Origin Story","Nikole Hannah-Jones, The New York Times Magazine, Nikole Hannah-Jones, The New York Times Magazine"
"Blood and Ruins: The Great Imperial War, 1931-1945","Richard Overy"
"Britain and European Resistance 1940-1945: A survey of the Special Operations Executive, with documents (David Stafford World War II History)","David Stafford"
"The Kitchen as Laboratory: Reflections on the Science of Food and Cooking (Arts and Traditions of the Table Perspectives on Culinary History)","César Vega, Job Ubbink, Erik van der Linden"
"Block, Delete, Move On: It's not you, it's them: The instant Sunday Times bestseller","LalalaLetMeExplain"
"The Personality of Shakespeare: A History of England’s Greatest Playwright","Edward Wagenknecht"
"Burntcoat","Sarah Hall"
"The London Spy Guide: Volume One: First World War","David  Price, Nigel West"
"Assembly: The critically acclaimed debut novel","Natasha Brown"
"The Gates of Europe: A History of Ukraine","Serhii Plokhy"
"The Puppet Masters: Spies, Traitors and the Real Forces Behind World Events","John Hughes-Wilson"
"Dieppe 1942 - The Jubilee Disaster","Ronald Atkin"
"Deadly Carousel: A diva’s exploits in wartime Budapest","Monica Porter"
"Megafauna: Giant Beasts of Pleistocene South America (Life of the Past)","Richard A. Fariña, Sergio F. Vizcaíno, Gerry De Iuliis"
"Black Stockings (X Libris)","Emma Allan"
"Taverna: Simple and delicious recipes from a Cypriot kitchen, from the Sunday Times bestselling food writer","Georgina Hayden"
"Bloodlands: THE book to help you understand today’s Eastern Europe","Timothy Snyder"
"SBS: The Invisible Raiders","James D. Ladd"
"Geopolitics: A Very Short Introduction (Very Short Introductions)","Klaus Dodds"
"The Peacekeeper: A Novel (The Good Lands)","B.L. Blanchard"
"First You Build a Cloud: And Other Reflections on Physics as a Way of Life","K. C. Cole"
"The Gossips","Teresa Waugh"
"Kindred: The ground-breaking masterpiece from the New York Times bestseller","Octavia E. Butler"
"Can't Help Thinking About Me: How To Become TV's 'Clangers Expert' Sort Of Accidentally On Purpose","Tim Worthington"
"Writing in Ice: A Crime Writer’s Guide to Iceland","Michael  Ridpath"
"King Arthur's Avalon: The Story of Glastonbury (The Geoffrey Ashe Histories)","Geoffrey Ashe"
"Waiting for Sheila","John Braine"
"The Currabinny Cookbook","James Kavanagh, William Murray"
"Masala Farm: Stories and Recipes from an Uncommon Life in the Country","Suvir Saran, Raquel Pelzel, Charlie Burd"
"Islands of Abandonment: Life in the Post-Human Landscape","Cal Flyn"
"Twenty Twenty","Nigel Watts"
"Isle of Winds (The Changeling Series Book 1)","James Fahy"
"A Cold Night in June","Rob Lofthouse"
"Edwardian England, 1901-15: Society and Politics","Donald Read"
"Nelson: The Commander","Geoffrey Bennett"
"The Assassination of Robert F. Kennedy: Crime Conspiracy &amp; Cover-Up: A new investigation","Tim Tate, Brad Johnson"
"Hitler's Atlantic Wall","Anthony Saunders"
"New Larousse Gastronomique (Editions Larousse)","Hamlyn Cookbooks"
"The Golden Antilles (Search Book 6)","Tim Severin"
"Soup Maker Recipes: 100 Delicious &amp; Nutritious Soup Recipes For Your Soup Maker","Liana Green"
"Sea State: SHORTLISTED FOR THE GORDON BURN PRIZE","Tabitha Lasley"
"Haldeman Diaries: Inside the Nixon White House","H. R. Haldeman"
"Notes From A Very Small Island","Anthony  Stancomb"
"The Power of Geography: Ten Maps that Reveal the Future of Our World – the sequel to Prisoners of Geography (Tim Marshall on Geopolitics Book 2)","Tim Marshall"
"The French Revolution: 140 Classic Recipes made Fresh &amp; Simple","Michel Roux Jr."
"Trafalgar","Nicholas Best"
"1922: Scenes from a Turbulent Year","Nick Rennison"
"Explorers of the Mississippi (Search Book 8)","Tim Severin"
"A Short History of London","Sinead Fitzgibbon"
"The Hundred Years War: A People's History","David Green"
"The Alchemist's Apprentice","Jeremy  Dronfield"
"North American Spies : New Revisionist Essay","Rhodri Jeffreys-Jones, Andrew Lownie"
"The Friendless Sky: The story of air combat in World War 1","Alexander McKee"
"Beyond the Hallowed Sky: Book One of the Lightspeed Trilogy","Ken MacLeod"
"The Burgundians: A Vanished Empire","Bart van  Loo"
"Horatio Nelson: The story of the man who saved Britain from invasion (Tom Pocock's History of Nelson)","Tom Pocock"
"Pearl Harbor: Hinge of War","Richard Freeman"
"Illusion: A murder mystery with humour and wit","Rachel Billington"
"Let There Be Meat: The Ultimate Barbecue Bible","James Douglas, Scott Munro"
"Simple French Cookery: simple recipes for classic French dishes by the legendary Raymond Blanc","Raymond Blanc"
"Sharp Ends: Stories from the World of The First Law","Joe Abercrombie"
"The Tucci Table: From the No.1 bestselling author of Taste","Stanley Tucci"
"God: An Anatomy - As heard on Radio 4","Francesca Stavrakopoulou"
"Gallipoli Memories","Compton Mackenzie"
"Perfect: 68 Essential Recipes for Every Cook's Repertoire","Felicity Cloake"
"Our Country Friends","Gary Shteyngart"
"Straight and Crooked Thinking","Robert Henry Thouless"
"The Foods of the Greek Islands: Cooking and Culture at the Crossroads of the Mediterranean","Aglaia Kremezi"
"Two Minutes to Noon","Noel F. Busch"
"The Bedford Boys","Alex Kershaw"
"North and South: Britain's Economic, Social and Political Divide","David Smith"
"Band Of Brothers","Stephen E. Ambrose"
"The Liar's Dictionary: A winner of the 2021 Betty Trask Awards","Eley Williams"
"Next Stop Execution: The Autobiography of Oleg Gordievsky","Oleg Gordievsky"
"Treacle Walker: Shortlisted for the 2022 Booker Prize and a Guardian Best Fiction Book of 2021","Alan Garner"
"The Soup Book: 200 Recipes, Season by Season","DK, Sophie Grigson"
"Logical Chess : Move By Move: Every Move Explained (Batsford Chess Book)","Irving Chernev"
"Looking for a Fight: How a writer took on the boxing world from the inside","David  Matthews"
"Sylvia Plath: A Biography","Linda Wagner-Martin"
"The Traveller’s Eye","Dorothy Carrington"
"The Indomitable Beatie: Charles Hoare, C. B. Fry and the Captain's Lady","Ronald Morris"
"Brothers in Arms: One Legendary Tank Regiment's Bloody War from D-Day to VE-Day","James Holland"
"The Thieves' Opera: The Remarkable Lives and Deaths of Jonathan Wild, Thief-taker and Jack Sheppard, House-breaker","Lucy Moore"
"The Death of Glory: The Western Front, 1915","Robin Neillands"
"The Confident Hope of a Miracle","Neil Hanson"
"Smashing the Atlantic Wall: The destruction of Hitler's coastal fortresses","Patrick Delaforce"
"August 1914: France, the Great War, and a Month that Changed the World Forever","Bruno Cabanes"
"The Ministry for the Future","Kim Stanley Robinson"
"Mapreaders &amp; Multitaskers: Men, Women, Nature, Nurture","Gavin Evans"
"A World Too Vast: The Four Voyages of Columbus","Alexander McKee"
"Gilbert: The Man Who was G. K. Chesterton","Michael Coren"
"Foreign Affairs","Alison Lurie"
"Unconditional Hatred","Russell Grenfell"
"Sold: The Revolution in the Art Market","Nicholas Faith"
"Happy Odyssey","Sir Adrian Carton de  Wiart"
"Feast: True Love in and out of the Kitchen","Hannah Howard"
"The Great Retreat of 1914: From Mons to the Marne","Spencer Jones"
"Roger Casement","Brian Inglis"
"Jack: The scandalous biography of popular American writer, Jack London","Andrew Sinclair"
"Hundred Days: The End of the Great War","Nick Lloyd"
"Fallen Order: Intrigue, Heresy, and Scandal in the Rome of Galileo and Caravaggio","Karen Liebreich"
"Sudden Victory","Orr Kelly"
"The Road to Verdun: France, nationalism and the First World War","Ian Ousby"
"Powers and Thrones: A New History of the Middle Ages","Dan Jones"
"In the Beginning: The Birth of the Living Universe (Fundamental Questions Book 1)","John Gribbin"
"Gassed: British Chemical Warfare Experiments on Humans at Porton Down","Robert Evans"
"Prison Diary, Argentina: A Falklands Story","Simon Winchester"
"Rosebery : Statesman in Turmoil","Leo  McKinstry"
"River Kings: A Times Book of the Year 2021","Cat Jarman"
"Murder at Teal's Pond: Hazel Drew and the Mystery That Inspired Twin Peaks","David Bushman, Mark T. Givens"
"Raven: My year of dating dangerously","Monica Porter"
"The Western Front: The authoritative history of world war one from the acclaimed author of Passchendaele","Nick Lloyd"
"Bismarck","Alan Palmer"
"Writing the Southwest: A bold collection of literature from American writers on the Southwest","David K. Dunaway, Sara L. Spurgeon"
"Fall: Winner of the Costa Biography Award 2021","John Preston"
"Deception in War","Jon Latimer"
"The Magnificent Bastards of Chu Lai","Lawrence Cortesi"
"The Zimmermann Telegram: The Astounding Espionage Operation That Propelled America into the First World War","Barbara Tuchman"
"Hitler's Monsters: A Supernatural History of the Third Reich","Eric Kurlander"
"Heads Up: The challenges facing England's leading head teachers","Dominic  Carman"
"Dark Safari: The Life Behind the Legend of Henry Morton Stanley","John Bierman"
"Dönitz: The Last Führer (Peter Padfield's Second World War)","Peter Padfield"
"Taming the Panzers: Monty’s tank battalions 3rd RTR at war","Patrick  Delaforce"
"Termination Shock: The thrilling new novel about climate change from the #1 New York Times bestselling author","Neal Stephenson"
"How to Create History: An Author’s Guide to Creating Histories, Myths, and Monsters (Step by Step Worldbuilding Book 4)","Angeline Trevena"
"Exponential: Order and Chaos in an Age of Accelerating Technology","Azeem Azhar"
"Allies at War: Churchill v Roosevelt v De Gaulle","Simon Berthon"
"Final Approach","Christopher Hodder-Williams"
"Citadel: The Battle of Kursk","Robin Cross"
"The Ultimate Book of Impostors","Ian  Graham"
"The New Meritocracy: A History of UK Independent Schools 1979–2020","Mark Peel"
"Read Between the Lines: A Novel (Ms. Right Book 1)","Rachel Lacey"
"The Heart-Shaped Bullet: Updated 20th Anniversary Edition","Kathryn Flett"
"Vimy Ridge: Recollections from the Famous Battle","Alexander McKee"
"Cassino: Portrait of a Battle","Fred Majdalany"
"Skies of Fire","Alfred Price"
"The Norman Conquest","Marc Morris"
"Writing the Uncanny","Dan Coxon, Richard V. Hirst"
"Yellow Rain: Journey Through the Terror of Chemical Warfare","Sterling Seagrave"
"Chastise: A thrilling military history book about the Dambusters raid in World War II by the Sunday Times bestselling author","Max Hastings"
"Black Spartacus: The Epic Life of Toussaint Louverture","Sudhir Hazareesingh"
"Poilu: The World War I Notebooks of Corporal Louis Barthas, Barrelmaker, 1914 – 1918","Louis Barthas, David L. Michelmore"
"First Light: The Phenomenal Fighter Pilot Bestseller (The Centenary Collection)","Geoffrey Wellum"
"Soho in the Fifties and Sixties","Jonathan Fryer"
"The Code Breaker","Walter Isaacson"
"Fortunes of Africa: A 5,000 Year History of Wealth, Greed and Endeavour","Martin Meredith"
"Fake History: Ten Great Lies and How They Shaped the World","Otto English"
"The Map That Changed the World: A Tale of Rocks, Ruin and Redemption","Simon Winchester"
"Love Happens Here: Series Starters &amp; Short Stories","Clare Lydon"
"Accidents Will Happen: One Wet Weekend","Lucy Golden"
"Dirty Tricks : A Cold War Thriller","Chapman Pincher"
"The Power of Women (Guy Bellamy Comedy)","Guy Bellamy"
"Music Was Everywhere","Paul Skerman"
"Operation Damocles: Israel's secret war against Hitler's scientists, 1951-1967","Roger  Howard"
"The Crying Game","John Braine"
"The Secrets of Alchemy (Synthesis)","Lawrence M. Principe"
"The Dream-Hunters of Corsica","Dorothy Carrington"
"Spies Beneath Berlin (David Stafford)","David Stafford"
"The Boy from the Sky: The curious genesis of the world's first ethnography","Nigel  Randell Evans"
"The Battle of El Alamein: Fortress in the Sand","Fred Majdalany"
"Afterparties","Anthony Veasna So"
"Atom Bomb to Santa Claus : What have the Americans ever done for us?","Trevor  Homer"
"When We Cease to Understand the World: Shortlisted for the 2021 International Booker Prize","Benjamín Labatut"
"The Book of Burger","Rachael Ray"
"Burma '44: The Battle That Turned Britain's War in the East","James Holland"
"Air Battle Central Europe","Alfred Price"
"Sugar Mummy","Simon Brooke"
"Warrior Prince: The Life of Owain Glyndwr","Ian Skidmore"
"Sex Robots &amp; Vegan Meat: Adventures at the Frontier of Birth, Food, Sex &amp; Death","Jenny Kleeman"
"The Book of St John: Over 100 brand new recipes from London’s iconic restaurant","Fergus Henderson, Trevor Gulliver"
"Hawksmoor: Restaurants &amp; Recipes","Huw Gott, Will Beckett"
"The White Ship: The gripping Sunday Times bestselling book about the Anarchy in medieval England (Conquest, Anarchy and the Wrecking of Henry I’s Dream)","Charles Spencer"
"Britain's War: Into Battle, 1937-1941","Daniel Todman"
"Henry ‘Chips’ Channon: The Diaries (Volume 1): 1918-38","Simon Heffer"
"Prehistory: The Making Of The Human Mind","Professor Lord Colin Renfrew"
"Citizen Smith","Christopher Kenworthy"
"The Anglo-Saxons: A History of the Beginnings of England","Marc Morris"
"The Sicily Cookbook: Authentic Recipes from a Mediterranean Island","Cettina Vicenzino"
"A History of Venice","John Julius Norwich"
"Chicken and Rice: Fresh and Easy Southeast Asian Recipes From a London Kitchen","Shu Han Lee"
"The Tucci Cookbook","Stanley Tucci"
"Enlightenment Now: The Case for Reason, Science, Humanism, and Progress","Steven Pinker"
"The Little Library Year: Recipes and reading to suit each season","Kate Young"
"Hauntology: GHOSTS OF FUTURES PAST","Merlin Coverley"
"Rainbow Milk: an Observer 2020 Top 10 Debut","Paul Mendez"
"Fortune","Amanda Smyth"
"Barrafina: A Spanish Cookbook","Eddie Hart, Nieves Barragan Mohacho, Sam Hart"
"The Bennet Women","Eden Appiah-Kubi"
"The Secret Lemonade Drinker (Guy Bellamy Comedy)","Guy  Bellamy"
"Displays of Experience (Displays of... Book 2)","Lucy Golden"
"Whole Lesbian Sex Book: A Passionate Guide for All of Us","Felice Newman"
"Purple Patches","Ralph Barker"
"A History Of The First World War In 100 Objects: In Association With The Imperial War Museum","John Hughes-Wilson"
"The Second World War","Antony Beevor"
"The African Adventure (Search Book 9)","Tim Severin"
"Occasion of Sin","Rachel Billington"
"The History of Magic: From Alchemy to Witchcraft, from the Ice Age to the Present","Chris Gosden"
"Black Hole Survival Guide","Janna Levin"
"Nanotime","Bart Kosko"
"The Book of Kings","James Thackara"
"In Search of Robinson Crusoe","Tim Severin"
"Ink Witch: An Egyptian Mythology Urban Fantasy (Kat Dubois Chronicles Book 1)","Lindsey Sparks"
"The Glittering Prizes","Frederic Raphael"
"Death in Londinium","John Drake"
"The Invisible Man : H G Wells","Michael Coren"
"Greatest Ashes Tests","Huw Turbervill"
"School Ties (Lessons Learned Book 1)","Emma Lee Potter"
"The Receptionist","Kate Myles"
"The Zoologist's Guide to the Galaxy: What Animals on Earth Reveal about Aliens – and Ourselves","Arik Kershenbaum"
"The Penguin Book of Modern British Short Stories","Various, Malcolm Bradbury"
"The Old Boys Network: A headmaster’s diaries 1972-1986","John Rae"
"Sugar: My life as a sugar babe","Monique X"
"Love in the Ruins: The Adventures of a Bad Catholic at a Time Near the End of the World","Walker Percy"
"Huxley in Hollywood: The Great British Writer's American Years","David K. Dunaway"
"Extraterrestrial: The First Sign of Intelligent Life Beyond Earth","Avi Loeb"
"Swords Against Darkness","Robert E. Howard, Andrew J. Offutt"
"The Ball is Round: A Global History of Football","David Goldblatt"
"V2: From the bestselling author of Conclave","Robert Harris"
"Air of Battle","William Fry"
"Bing Banged My Lula: A hilarious nineties romcom with a twist","Frankie Park"
"A Swim in a Pond in the Rain: From the Man Booker Prize-winning, New York Times-bestselling author of Lincoln in the Bardo","George Saunders"
"Driftglass (Penguin Science Fiction)","Samuel R. Delany"
"Robot (Penguin Science Fiction)","Adam Wisniewski-Snerg"
"In Search of Genghis Khan","Tim Severin"
"Indian Restaurant Curry at Home Volume 2: Misty Ricardo's Curry Kitchen","Richard Sayce, Gary Crossley, Richard Sayce"
"The Boer War: Nationalism, Imperialism and Identity in Late Victorian Culture","Steve Attridge"
"Viking Britain: A History","Thomas Williams"
"Trading in Death: Weapons, Warfare and The Modern Arms Race","James Adams"
"James Bond On Location: Volume 1: London","J P Sperati"
"The Cummings Report","Christopher Hodder-Williams"
"Crescent and Cross: The battle of Lepanto 1571","Hugh Bicheno"
"Frostquake: The frozen winter of 1962 and how Britain emerged a different country","Juliet Nicolson"
"Gastrophysics: The New Science of Eating","Charles Spence"
"The First Kingdom: Britain in the age of Arthur (The Founders of Britain Quartet)","Max Adams"
"A Short History of London: The Creation of a World Capital. Discover the perfect history gift for readers who love the city!","Simon Jenkins"
"Spain: A Literary Companion","Jimmy Burns"
"The Future Is Faster Than You Think: How Converging Technologies Are Transforming Business, Industries, and Our Lives (Exponential Technology Series)","Peter H. Diamandis, Steven Kotler"
"Nervous System","Lina Meruane"
"Empire of Democracy: The Remaking of the West since the Cold War, 1971-2017","Simon Reid-Henry"
"The Hitler Years: Disaster 1940-1945","Frank McDonough"
"The Hitler Years: Triumph 1933-1939","Frank McDonough"
"Stopping Napoleon : War and intrigue in the Mediterranean","Tom Pocock"
"The Cosmic Origins of Life (Fundamental Questions Book 2)","John Gribbin"
"Through the Dark Labyrinth: A Biography of Lawrence Durrell","Gordon Bowker"
"The Checklist","Addie Woolridge"
"The First Fifteen Lives of Harry August: The word-of-mouth bestseller you won't want to miss","Claire North"
"Displays of Innocents (Displays of... Book 1)","Lucy Golden"
"Pity the Reader: On Writing with Style","Kurt Vonnegut, Suzanne McConnell"
"Mowgli Street Food: Stories and recipes from the Mowgli Street Food restaurants","Nisha Katona"
"The Anarchy: The Relentless Rise of the East India Company","William Dalrymple"
"Peterloo: The Massacre and its Background","Donald Read"
"The History of Philosophy","A. C. Grayling"
"The Architect's Apprentice: The sweeping historical novel from the Booker Prize shortlisted author of The Island of Missing Trees","Elif Shafak"
"Dresden: The Fire and Darkness. The definitive history of the famous WW2 bombing","Sinclair McKay"
"Ulysses Found: A Fascinating account retracing the mythical journey of Ulysses","Ernle Bradford"
"The Penguin Book of Norse Myths: Gods of the Vikings","Kevin Crossley-Holland"
"Venice: Four Seasons of Home Cooking","Russell Norman"
"Dare: What happens when fantasies come true","Tracey Cox"
"The Story of England","Michael Wood"
"A Nice Girl Like Me: A lively romance packed with wit and humour","Anne Piper"
"This Is Shakespeare: How to Read the World's Greatest Playwright (Pelican Books)","Emma Smith"
"Of Virtue Rare: Margaret Beaufort, Matriarch of the House of Tudor","Linda Simon"
"Revolutions and Revolutionaries","A.J.P. Taylor"
"Red Pill","Hari Kunzru"
"Dylan the Bard: A Life of Dylan Thomas","Andrew Sinclair"
"Chocolate Lenin: A Novel","Graham Diamond"
"I Love My Soup Maker: The Only Soup Machine Recipe Book You’ll Ever Need (I Love My...)","CookNation"
"Soup for Every Day: 365 of Our Favourite Recipes (New Covent Garden Soup Company)","New Covent Garden Soup Company"
"Solo: The Joy of Cooking for One","Signe Johansen"
"1945: The World We Fought For (The Second World War Book 2)","Robert Kee"
"Unto the Beast","Richard Monaco"
"Great sex starts at 50: How to age-proof your libido","Tracey Cox"
"Innings of a Lifetime","Ralph Barker"
"Ageless: The New Science of Getting Older Without Getting Old","Andrew Steele"
"An Encyclopaedia of Napoleon’s Europe","Alan Palmer"
"Beyond: A Times Book of the Year 2021","Stephen Walker"
"The Greatest Knight: The Remarkable Life of William Marshal, the Power behind Five English Thrones","Thomas Asbridge"
"Global Crisis: War, Climate Change, &amp; Catastrophe in the Seventeenth Century","Geoffrey Parker"
"One Pot Wonders: Easy and delicious feasting without the hassle","Lindsey Bareham"
"Agency: Sequel to The Peripheral, now a major new TV series with Amazon Prime","William Gibson"
"Inferno: The Devastation of Hamburg, 1943","Keith Lowe"
"Vanishing Primitive Man (Search Book 9)","Tim Severin"
"The Silent Game: The real world of imaginary spies (David Stafford)","David  Stafford"
"The Sunken Land Begins to Rise Again: Winner of the Goldsmiths Prize 2020","M. John Harrison"
"The Jet Age: True Tales of the Air Since 1945","Robert Jackson"
"Germany 1945: From War to Peace","Richard Bessel"
"How Not To Be Wrong: The Art of Changing Your Mind","James O'Brien"
"Favored Strangers: Gertrude Stein and her Family (Literary Biographies Book 1)","Linda Wagner-Martin"
"The Ladies of Grace Adieu and Other Stories","Susanna Clarke"
"The Edge of the World: How the North Sea Made Us Who We Are","Michael Pye"
"A Brief History of the Future","Oona Strathern"
"The Reluctant Traveller: France and the French","Patrick Byron"
"Sean O'Casey: A Life","Garry O'Connor"
"The Last Hero: A Biography of the Explorer Bill Tilman","Tim Madge"
"Chess Endgame for Beginners: The Complete Beginner’s Guide to Delivering Checkmate","Cory Klein"
"Chess Games of Legends: 20 Legendary Grandmaster Games Narrated, Illustrated, and Analyzed","Cory Klein"
"Chess Middlegame for Beginners: The Complete Tactics and Strategy Guide for Beginners","Cory Klein"
"Chess: The Ultimate Guide for Beginners – A Comprehensive and Simplified Introduction to the Game of Chess (openings, tactics, strategy)","Cory Klein"
"Chess Openings for Beginners: A Comprehensive and Simplified Guide to Chess Openings","Cory Klein"
"England v Scotland","Brian James"
"Gaining Currency : The Rise and Fall of Monetarism","David  Smith"
"Crown of Empire","Richard Blake"
"Ten Great Innings","Ralph Barker"
"The Library: An Illustrated History","Stuart A.P. Murray"
"The Boundless Sea: A Human History of the Oceans","David Abulafia"
"Ben Jonson: A Literary Life","W. David Kay"
"Mythology of the British Isles (The Geoffrey Ashe Histories)","Geoffrey Ashe"
"The Terrorists","Ronald Payne, Christopher Dobson"
"Secret Memoirs of Lord Byron","Christopher Nicole"
"Sex by Numbers: What Statistics Can Tell Us About Sexual Behaviour (Wellcome Collection)","David Spiegelhalter"
"Human Nature","Christopher J. Berry"
"Led Zeppelin: How, Why and Where it all Began (The Origin of the Species Book 2)","Alan Clayson"
"The Book of Jewish Food: An Odyssey from Samarkand and Vilna to the Present Day","Claudia Roden"
"Ballymaloe Cookery Course: Revised Edition","Darina Allen"
"Clandestine Warfare: Weapons and Equipment of the SOE and OSS","James D. Ladd, Keith Melton, Captain Peter Mason"
"A Close Run Thing: The Navy and the Falklands War","Richard Freeman"
"Scoff: A History of Food and Class in Britain","Pen Vogler"
"The Hackable City: Digital Media and Collaborative City-Making in the Network Society","Michiel de Lange, Martijn de Waal"
"Knowledge Graphs and Big Data Processing (Lecture Notes in Computer Science Book 12072)","Valentina Janev, Damien Graux, Hajira Jabeen, Emanuel Sallinger"
"Representation Learning for Natural Language Processing","Zhiyuan Liu, Yankai Lin, Maosong Sun"
"Cyber-Physical Systems: A Model-Based Approach","Walid M. Taha, Abd-Elhamid M. Taha, Johan Thunberg"
"Socio-Environmental Dynamics along the Historical Silk Road","Liang Emlyn Yang, Hans-Rudolf Bork, Xiuqi Fang, Steffen Mischke"
"Your Post has been Removed: Tech Giants and Freedom of Speech","Frederik Stjernfelt, Anne Mette Lauritzen"
"Napoleon and His Parents","Dorothy Carrington"
"Molecular Gastronomy: Exploring the Science of Flavor (Arts and Traditions of the Table Perspectives on Culinary History)","Hervé This"
"War of the Maps","Paul McAuley"
"Georgian London: Into the Streets","Lucy Inglis"
"Kathy Acker: Punk Writer (Interdisciplinary Research in Gender)","Margaret Henderson"
"Wittgenstein's Novels","Martin Klebes"
"The Post Graduate: A tragicomic family saga of one woman's pursuit of independence","Anne Piper"
"Man Bites Talking Dog: A Memoir of the Glory Days of Fleet Street","Colin Dunne"
"Transforming the Future: Anticipation in the 21st Century","Riel Miller"
"The Narratology of Comic Art (Routledge Advances in Comics Studies Book 3)","Kai Mikkonen"
"The Subject of Race in American Science Fiction (Literary Criticism and Cultural Theory)","Sharon DeGraw"
"In the Reign of King John: A Year in the Life of Plantagenet England","Dan Jones"
"Rhodes: The Race for Africa","Antony Thomas"
"A New Grand Tour: How Europe's Great Cities Made Our World","Godfrey Hodgson"
"Periodic Tales: The Curious Lives of the Elements","Hugh Aldersey-Williams"
"wagamama Feed Your Soul: Fresh + simple recipes from the wagamama kitchen (Wagamama Titles)","Wagamama Limited"
"The Fantasy Factor","Peter Dally"
"The Secret Generations (The Secret Trilogy Book 1)","John Gardner"
"The Alignment Problem: 'If you're going to read one book on artificial intelligence, this is the one' New York Times","Brian Christian"
"King Henry VIII’s Mary Rose","Alexander McKee"
"The Angel's Game: The Cemetery of Forgotten Books 2 (The Cemetery of Forgotten Series)","Carlos Ruiz Zafon"
"When The Wind Changed: The Life and Death of Tony Hancock","Cliff Goodwin"
"A Memory Called Empire: Winner of the Hugo Award for Best Novel (Teixcalaan Book 1)","Arkady Martine"
"The Native Mexican Kitchen: A Journey into Cuisine, Culture, and Mezcal","Rachel Glueck, Noel Morales"
"Eric Ambler: A Literary Biography","Peter Lewis"
"Limit of Vision","Linda Nagata"
"No Cold Kitchen : A Biography of Nadine Gordimer","Ronald  Suresh Roberts"
"The Geopolitics of the Global Energy Transition (Lecture Notes in Energy Book 73)","Manfred Hafner, Simone Tagliapietra"
"Interferometry and Synthesis in Radio Astronomy (Astronomy and Astrophysics Library)","A. Richard Thompson, James M. Moran, George W. Swenson Jr."
"Managing the Complexity of Critical Infrastructures: A Modelling and Simulation Approach (Studies in Systems, Decision and Control Book 90)","Roberto Setola, Vittorio Rosato, Elias Kyriakides, Erich Rome"
"Particle Accelerator Physics (Graduate Texts in Physics)","Helmut Wiedemann"
"Understanding Acoustics: An Experimentalist’s View of Sound and Vibration (Graduate Texts in Physics)","Steven L. Garrett"
"The Economics of Big Science: Essays by Leading Scientists and Policymakers (Science Policy Reports)","Hans Peter Beck, Panagiotis Charitos"
"An Introduction to Ethics in Robotics and AI (SpringerBriefs in Ethics)","Christoph Bartneck, Christoph Lütge, Alan Wagner, Sean Welsh"
"Society 5.0: A People-centric Super-smart Society","Hitachi-UTokyo Laboratory (H-UTokyo Lab)"
"Autonomous Driving: Technical, Legal and Social Aspects","Markus Maurer, J. Christian Gerdes, Barbara Lenz, Hermann Winner"
"Collider Physics within the Standard Model: A Primer (Lecture Notes in Physics Book 937)","Guido Altarelli, James Wells"
"One Hundred Years of Chemical Warfare: Research, Deployment, Consequences","Bretislav Friedrich, Dieter Hoffmann, Jürgen Renn, Florian Schmaltz, Martin Wolf"
"Particle Physics Reference Library: Volume 3: Accelerators and Colliders","Stephen Myers, Herwig Schopper"
"Solar Particle Radiation Storms Forecasting and Analysis: The HESPERIA HORIZON 2020 Project and Beyond (Astrophysics and Space Science Library Book 444)","Olga E. Malandraki, Norma B. Crosby"
"Bird Species: How They Arise, Modify and Vanish (Fascinating Life Sciences)","Dieter Thomas Tietze"
"The Brownian Motion: A Rigorous but Gentle Introduction for Economists (Springer Texts in Business and Economics)","Andreas Löffler, Lutz Kruschwitz"
"Particle Physics Reference Library: Volume 2: Detectors for Particles and Radiation","Christian W. Fabjan, Herwig Schopper"
"Market Segmentation Analysis: Understanding It, Doing It, and Making It Useful (Management for Professionals)","Sara Dolnicar, Bettina Grün, Friedrich Leisch"
"Particle Physics Reference Library: Volume 1: Theory and Experiments","Herwig Schopper"
"A Cultural History of Twin Beds (Home)","Hilary Hinds"
"A Popular Dictionary of Hinduism (Popular Dictionaries of Religion)","Karel Werner"
"Comics and Videogames: From Hybrid Medialities to Transmedia Expansions (Routledge Advances in Game Studies)","Andreas Rauscher, Daniel Stein, Jan-Noël Thon"
"Environments of Intelligence: From natural information to artificial interaction (History and Philosophy of Technoscience)","Hajo Greif"
"Middlebrow Cinema (Remapping World Cinema)","Sally Faulkner"
"Grant: The Man who Won The Civil War","Robin Neillands"
"The Challenge of Chance: A Multidisciplinary Approach from Science and the Humanities (The Frontiers Collection)","Klaas Landsman, Ellen van Wolde"
"Information—Consciousness—Reality: How a New Understanding of the Universe Can Help Answer Age-Old Questions of Existence (The Frontiers Collection)","James B. Glattfelder"
"The Amazing Journey of Reason: from DNA to Artificial Intelligence (SpringerBriefs in Computer Science)","Mario Alemi"
"Elements of Robotics","Mordechai Ben-Ari, Francesco Mondada"
"Foundations of Quantum Theory: From Classical Concepts to Operator Algebras (Fundamental Theories of Physics Book 188)","Klaas Landsman"
"Decision Making under Deep Uncertainty: From Theory to Practice","Vincent A. W. J. Marchau, Warren E. Walker, Pieter J. T. M. Bloemen, Steven W. Popper, Vincent A. W. J. Marchau, Warren E. Walker, Pieter J. T. M. Bloemen, Steven W. Popper"
"Automated Machine Learning: Methods, Systems, Challenges (The Springer Series on Challenges in Machine Learning)","Frank Hutter, Lars Kotthoff, Joaquin Vanschoren, Frank Hutter, Lars Kotthoff, Joaquin Vanschoren"
"Routledge Handbook of State Recognition","Gëzim Visoka, John Doyle, Edward Newman"
"Translating Great Russian Literature: The Penguin Russian Classics (BASEES/Routledge Series on Russian and East European Studies)","Cathy McAteer"
"Extimate Technology: Self-Formation in a Technological World (Routledge Studies in Contemporary Philosophy)","Ciano Aydin"
"The British Atlantic Empire Before the American Revolution","Glyndwr Williams"
"Urban Politics: Cities and Suburbs in a Global Age","Myron A. Levine"
"The Routledge History of Disease (Routledge Histories)","Mark Jackson"
"Routledge Handbook of Contemporary India","Knut A. Jacobsen"
"Divine Action, Determinism, and the Laws of Nature","Jeffrey Koperski"
"Dissecting the Criminal Corpse: Staging Post-Execution Punishment in Early Modern England (Palgrave Historical Studies in the Criminal Corpse and its Afterlife)","Elizabeth T. Hurren"
"Executing Magic in the Modern Era: Criminal Bodies and the Gallows in Popular Medicine (Palgrave Historical Studies in the Criminal Corpse and its Afterlife)","Owen Davies, Francesca Matteoni"
"On the path to AI: Law’s prophecies and the conceptual foundations of the machine learning age","Thomas D. Grant, Damon J. Wischik"
"The Academic Book of the Future","Rebecca E. Lyons, Samantha Rayner"
"Global History and New Polycentric Approaches: Europe, Asia and the Americas in a World Network System (Palgrave Studies in Comparative Global History)","Manuel Perez Garcia, Lucio De Sousa, Manuel Perez Garcia, Lucio De Sousa"
"Global History with Chinese Characteristics: Autocratic States along the Silk Road in the Decline of the Spanish and Qing Empires 1680-1796 (Palgrave Studies in Comparative Global History)","Manuel Perez-Garcia"
"Iberian World Empires and the Globalization of Europe 1415–1668 (Palgrave Studies in Comparative Global History)","Bartolomé Yun-Casalilla"
"Capital Punishment and the Criminal Corpse in Scotland, 1740–1834 (Palgrave Historical Studies in the Criminal Corpse and its Afterlife)","Rachel E. Bennett"
"The Psychology of Silicon Valley: Ethical Threats and Emotional Unintelligence in the Tech Industry","Katy Cook"
"Punishing the Criminal Corpse, 1700-1840: Aggravated Forms of the Death Penalty in England (Palgrave Historical Studies in the Criminal Corpse and its Afterlife)","Peter King"
"The Golden and Ghoulish Age of the Gibbet in Britain (Palgrave Historical Studies in the Criminal Corpse and its Afterlife)","Sarah Tarlow"
"Drinking in Victorian and Edwardian Britain: Beyond the Spectre of the Drunkard","Thora Hands"
"Heterogeneity, High Performance Computing, Self-Organization and the Cloud (Palgrave Studies in Digital Business &amp; Enabling Technologies)","Theo Lynn, John P. Morrison, David Kenny"
"The Everyday Life of an Algorithm","Daniel Neyland"
"Innocent III: Leader of Europe, 1198-1216","Jane Sayers"
"The Routledge Companion to Innovation Management (ISSN)","Jin Chen, Alexander Brem, Eric Viardot, Poh Kam Wong"
"The Archaeology of Human Ancestry: Power, Sex and Tradition (Theoretical Archaeology Group (Tag))","Stephen Shennan, Stephen Shennan, James Steele"
"Models of Political Economy","Hannu Nurmi"
"阿阿阿the routledge companion to free will routledge philosophy companions","timpe, kevin"
"Bitcoin and Beyond: Cryptocurrencies, Blockchains, and Global Governance (RIPE Series in Global Political Economy)","Malcolm Campbell-Verduyn"
"The Workplace of the Future: The Fourth Industrial Revolution, the Precariat and the Death of Hierarchies (Routledge Studies in the Economics of Innovation)","Jon-Arild Johannessen"
"Tech Giants, Artificial Intelligence, and the Future of Journalism (Routledge Research in Journalism Book 26)","Jason Paul Whittaker"
"Mathematics of Economics and Business","Frank Werner, Yuri N. Sotskov"
"The Myths We Live By","Mary Midgley"
"Making Sense of World History","Rick Szostak"
"Encyclopedia of Human Evolution and Prehistory: Second Edition (Garland Reference Library of the Humanities Book 1845)","Eric Delson, Ian Tattersall, John Van Couvering, Alison S. Brooks"
"Writing what you know","The Open University"
"The Banner of Battle: The Story of the Crimean War","Alan Palmer"
"The Four Horsemen: The Discussion that Sparked an Atheist Revolution Foreword by Stephen Fry","Richard Dawkins, Sam Harris, Daniel C. Dennett, Christopher Hitchens"
"The Psychology of Time Travel: A time-travelling murder mystery, the perfect holiday read","Kate Mascarenhas"
"1001 Walks: You must experience before you die","Barry Stone"
"Future Wars","Trevor N. Dupuy"
"Off the Map: Lost Spaces, Invisible Cities, Forgotten Islands, Feral Places and What They Tell Us About the World","Alastair Bonnett"
"Beyond the Map (from the author of Off the Map): Unruly enclaves, ghostly places, emerging lands and our search for new utopias","Alastair Bonnett"
"We Keep the Dead Close: A Murder at Harvard and a Half Century of Silence","Becky Cooper"
"The Fortress","Robert Payne"
"The Chicago Guide to Grammar, Usage, and Punctuation (Chicago Guides to Writing, Editing, and Publishing)","Bryan A. Garner"
"Thug Kitchen: Eat Like You Give a F**k (Bad Manners)","Thug Kitchen"
"The Dragonflies: The Story of Helicopters and Autogiros, 1919-1970","Robert Jackson"
"Paris Adrift","E. J. Swift"
"The Don: Beyond Boundaries: The Life &amp; Times of Sir Donald Bradman","Roderick Easdale"
"The Future of Seduction","Mia Levitin"
"How To Improve At Chess: A Beginner's Guide to Improving at Chess as Quickly as Possible, In Fun and Easy-To-Read English","Clive Ke"
"Fabulous Foreplay: The Sex Doctor's Guide To Teasing And Pleasing Your Lover","Pam Spurr"
"Sizzling Sex: The Sex Doctor's 250 Hottest Tricks and Techniques","Pam Spurr"
"The Comanche Empire (The Lamar Series in Western History)","Pekka Hämäläinen"
"Woman: The Incredible Life of Yoko Ono","Alan Clayson, Barb Jungr, Robb Johnson"
"The Classic British Telefantasy Guide","Paul Cornell, Martin Day, Keith Topping"
"Institut Paul Bocuse Gastronomique: The definitive step-by-step guide to culinary excellence","Institut Paul Bocuse"
"I'm a Joke and So Are You: Reflections on Humour and Humanity","Robin Ince"
"Private Spies: The Secret World of Industrial Espionage","Ronald Payne"
"Piranesi: WINNER OF THE WOMEN'S PRIZE 2021","Susanna Clarke"
"Corsair: The Life of J. Pierpont Morgan","Andrew Sinclair"
"How To: Absurd Scientific Advice for Common Real-World Problems from Randall Munroe of xkcd","Randall Munroe"
"A Traveller at the Gates of Wisdom: A dazzling novel from the author of The Heart’s Invisible Furies","John Boyne"
"The Age of Islands: In Search of New and Disappearing Islands","Alastair Bonnett"
"Letters from Father Christmas: A Beautifully Illustrated Fantasy Classic of Festive Tales","J. R. R. Tolkien"
"That Will Be England Gone: The Last Summer of Cricket","Michael Henderson"
"This is How You Lose the Time War: The epic time-travelling love story and Twitter sensation","Amal El-Mohtar, Max Gladstone"
"Stalingrad (Vintage classics)","Vasily Grossman, Robert Chandler, Yury Bit-Yunan"
"Naming The Hour: Two Curious Tales","Jenn  Ashworth, Richard V. Hirst"
"How to Live Safely in a Science Fictional Universe","Charles Yu"
"Are You Actually Going To Write A Book Or Just Talk About It?: An Aggressive Guide To Writing, Creativity, And Actually Getting Things Done (Actually Author Series 1)","Brandon Q. Scott"
"The City We Became (The Great Cities Series)","N. K. Jemisin"
"A Journal of the Plague Year","Daniel Defoe, Christopher Bristow"
"Jamie Oliver's Christmas Cookbook","Jamie Oliver"
"In A Good Light: A captivating romance from the bestselling author of Small Pleasures","Clare Chambers"
"Voices of the Foreign Legion","Adrian Gilbert"
"Mathematics for the Physical Sciences","Leslie Copley"
"An Encyclopedia of Naval History","Anthony  Bruce"
"First You Write a Sentence.: The Elements of Reading, Writing … and Life.","Joe Moran"
"The Chilean Kitchen: 75 Seasonal Recipes for Stews, Breads, Salads, Cocktails, Desserts, and More","Pilar Hernandez, Eileen Smith"
"The Centurion's Son (Path of Nemesis Book 1)","Adam Lofthouse"
"Galaxies, stars and planets","The Open University"
"Golden Boy: Kim Hughes and the bad old days of Australian cricket","Christian Ryan"
"The Sea View Has Me Again: Uwe Johnson in Sheerness","Patrick  Wright"
"Medieval Europe","Chris Wickham"
"Telling It Like It Wasn't: The Counterfactual Imagination in History and Fiction","Catherine Gallagher"
"Sicily '43: A Times Book of the Year","James Holland"
"Some Kind of Hero: The Remarkable Story of the James Bond Films","Matthew Field, Ajay Chowdhury"
"Your Story, My Story: A Novel","Connie Palmen"
"A History of the Universe in 21 Stars: (and 3 imposters)","Giles Sparrow"
"The Unstable Realities of Christopher Priest (SF Storyworlds: Critical Studies in Science Fiction Book 8)","Paul Kincaid"
"Rick Stein's India: In Search of the Perfect Curry: Recipes from My Indian Odyssey","Rick Stein"
"The Old Drift: Winner of the Arthur C. Clarke Award 2020","Namwali Serpell"
"The Decameron (Penguin Classics)","Giovanni Boccaccio"
"A Short History of Drunkenness","Mark Forsyth"
"A Short History of Europe: From Pericles to Putin. Discover the perfect gift for readers of European history!","Simon Jenkins"
"Love and Other Thought Experiments: Longlisted for the Booker Prize 2020","Sophie Ward"
"The Queen's Gambit: Now a Major Netflix Drama (W&amp;N Essentials)","Walter Tevis"
"Ratio: The Simple Codes Behind the Craft of Everyday Cooking (Ruhlman's Ratios Book 1)","Michael Ruhlman"
"The Terraforming","Benjamin Bratton"
"Climbers: A Novel (W&amp;N Essentials)","M. John Harrison"
"Forgotten Skills of Cooking: 700 Recipes Showing You Why the Time-honoured Ways Are the Best","Darina Allen"
"The Art of Statistics: Learning from Data (Pelican Books)","David Spiegelhalter"
"Human Compatible: AI and the Problem of Control","Stuart Russell"
"21 Lessons for the 21st Century: 'Truly mind-expanding... Ultra-topical' Guardian","Yuval Noah Harari"
"Wavell's Command: The Crucible of War Book 1","Barrie Pitt"
"One Two Three Four: The Beatles in Time: Winner of the Baillie Gifford Prize","Craig Brown"
"Dark Entries","Robert Aickman"
"Indian in 7: Delicious Indian recipes in 7 ingredients or fewer","Monisha Bharadwaj"
"Britain's War: A New World, 1942-1947","Daniel Todman"
"Lose Weight for Good: Full-flavour cooking for a low-calorie diet","Tom Kerridge"
"Enemy in the Shadows: The World of Spies and Spying","Norman Gelb"
"Sicily: A Short History, from the Ancient Greeks to Cosa Nostra","John Julius Norwich"
"Exhalation: A riveting collection of science fiction short stories from a master of the genre","Ted Chiang"
"That Glimpse of Truth: The 100 Finest Short Stories Ever Written","David Miller"
"Lesbian Sex Bible: The Complete Guide to Sexual Love for Same-Sex Couples","Diana Cage"
"Life on a Mediaeval Barony","William Stearns  Davis"
"24 Hours in Ancient Athens: A Day in the Life of the People Who Lived There (24 Hours in Ancient History Book 3)","Dr Philip Matyszak"
"24 Hours in Ancient Egypt: A Day in the Life of the People Who Lived There (24 Hours in Ancient History Book 2)","Dr Donald P. Ryan"
"Doctor Who: At Childhood’s End","Sophie Aldred"
"50 Economics Classics: Your shortcut to the most important ideas on capitalism, finance, and the global economy","Tom Butler Bowdon"
"Underland: A Deep Time Journey - The bestselling nature book from the author of Is a River Alive?","Robert Macfarlane"
"24 Hours in Ancient China: A Day in the Life of the People Who Lived There (24 Hours in Ancient History)","Yijie Zhuang"
"A Dark Anatomy (Cragg &amp; Fidelis Historical Crime Series Book 1)","Robin Blake"
"Fame and Fortune (The Glittering Prizes Book 2)","Frederic Raphael"
"Upwards","Ian Hall"
"Infinite Powers: The Story of Calculus - The Language of the Universe","Steven H. Strogatz"
"Small World","Michael Kurland"
"The Haunting of H. G. Wells","Robert Masello"
"Shakespeare in a Divided America: A RADIO 4 BOOK OF THE WEEK","James Shapiro"
"Gordon Ramsay Quick and Delicious: 100 Recipes to Cook in 30 Minutes or Less","Gordon Ramsay"
"Cricket For Dummies","Julian Knight"
"A Half Baked Idea: Winner of the Fortnum &amp; Mason’s Debut Food Book Award","Olivia Potts"
"Aurora","Kim Stanley Robinson"
"The Nazis: A Warning From History","Laurence Rees"
"Conquistadors","Michael Wood"
"Gordon Ramsay's Ultimate Home Cooking","Gordon Ramsay"
"The Players' Boy Is Dead","Leonard Tourney"
"Humankind: A Hopeful History – from the presenter of the 2025 BBC ‘Moral Revolution’ Reith lectures","Rutger Bregman"
"The Flood","Maggie Gee"
"A Homemade Life: Stories and Recipes from My Kitchen Table","Molly Wizenberg"
"Tasting India: Heirloom Family Recipes","Christine Manfield"
"Indian Kitchen: Secrets of Indian home cooking","Maunika Gowardhan"
"A Spy Is Born: Dennis Wheatley and the Secret Roots of Ian Fleming’s James Bond","Jeremy Duns"
"Joy of Cooking: Fully Revised and Updated","Irma S. Rombauer, Marion Rombauer Becker, Ethan Becker, John Becker, Megan Scott"
"The Age of Wonder: How the Romantic Generation Discovered the Beauty and Terror of Science","Richard Holmes"
"XX: A Novel, Graphic","Rian Hughes"
"Sex and the Cthulhu Mythos","Bobby Derie"
"The Eagle's Nest and the Wolf's Lair (Domitian Book 1)","David Adkins"
"A SCOTS QUAIR: Sunset Song, Cloud Howe &amp; Grey Granite (World's Classics Series): A Scottish trilogy of farm grit, class struggle, and Depression-era activism","Lewis Grassic Gibbon"
"With the Old Breed: The World War Two Pacific Classic","Eugene B. Sledge"
"Baking School: The ultimate baking book from Bread Ahead - featuring delicious doughnuts, sourdough bread recipes and more! (Bread Ahead Bakery)","Justin Gellatly, Louise Gellatly, Matthew Jones"
"The All True Adventures (and Rare Education) of the Daredevil Daniel Bones: An Epic Picaresque Adventure of Secrets and Self-Discovery in Late 19th-Century Europe","Owen Booth"
"History of Britain and Ireland: The Definitive Visual Guide (DK Definitive Visual Histories)","DK"
"Virtual History: Alternatives and Counterfactuals","Niall Ferguson"
"The Curry Secret: How to Cook Real Indian Restaurant Meals at Home","Kris Dhillon"
"The New Curry Secret","Kris Dhillon"
"Instantiation","Greg Egan"
"Starboard Wine","Samuel R. Delany"
"The American Shore","Samuel R. Delany"
"The Suicide Battalion (The History of World War One)","J.L. McWilliams, R. James Steel"
"Hitler's Last Gamble: Battle of the Bulge, December 1944 to January 1945","Trevor N. Dupuy"
"Dungeons and Dragons and Philosophy: Read and Gain Advantage on All Wisdom Checks (The Blackwell Philosophy and Pop Culture Series)","Christopher Robichaud"
"How to be a Victorian","Ruth Goodman"
"Big Week: The Biggest Air Battle of World War Two","James Holland"
"By Force Alone (Anti-Matter of Britain Quartet Book 1)","Lavie Tidhar"
"30 Years at Ballymaloe: A celebration of the world-renowned cookery school with over 100 new recipes (Irish Cookery)","Darina Allen"
"The Ritz London: The Cookbook","John Williams, The Ritz Hotel (London) Limited"
"Mamushka: Recipes from Ukraine &amp; beyond","Olia Hercules"
"The Hairy Bikers' One Pot Wonders: Over 100 delicious new favourites, from terrific tray bakes to roasting tin treats!","Hairy Bikers"
"Crashed: How a Decade of Financial Crises Changed the World","Adam Tooze"
"The Last Pilot","Benjamin Johncock"
"Brief Answers to the Big Questions: 'A beautiful little book by a brilliant mind' DAILY TELEGRAPH","Stephen Hawking"
"The Spy and the Traitor: An incredible espionage and spy thriller and the greatest true story of the Cold War","Ben Macintyre"
"Sucker","Lana Citron"
"The Nazi Party: A Social Profile of Members and Leaders 1919-1945","Michael  H Kater"
"Winds of Change: Britain in the Early Sixties","Peter Hennessy"
"The Son and Heir: A Memoir","Alexander Münninghoff"
"Utopia Avenue: The ‘wildly entertaining’ (Spectator) rock ‘n’ roll novel, by the bestselling author of CLOUD ATLAS","David Mitchell"
"Salt &amp; Time: Recipes from a Russian kitchen","Alissa Timoshkina"
"The Planets: A Sunday Times Bestseller","Brian  Cox, Andrew Cohen"
"Book Row: An Anecdotal and Pictorial History of the Antiquarian Book Trade","Marvin Mondlin, Roy Meador"
"What Matters in Jane Austen?: Twenty Essential Questions Answered","John Mullan"
"Joyce McKinney And The Case Of The Manacled Mormon","Anthony Delano"
"Dancing By The Light of The Moon: Over 250 poems to read, relish and recite","Gyles Brandreth"
"The Weird and the Eerie","Mark Fisher"
"Scarlet Odyssey","C. T. Rwizi"
"Lords of the Desert: Britain's Struggle with America to Dominate the Middle East","James Barr"
"2,024 QI Facts To Stop You In Your Tracks","John Lloyd, James Harkin, Anne Miller"
"World War II Map by Map (DK History Map by Map)","DK"
"Oryx And Crake (The Maddaddam Trilogy Book 1)","Margaret Atwood"
"Amora: Stories","Natalia Borges Polesso"
"1920: A Year of Global Turmoil","David Charlwood"
"The Universal Baseball Association, Inc.","Robert Coover"
"Desert Songs of the Night: 1500 Years of Arabic Literature","Suheil Bushrui"
"Studies in Classic American Literature (The Definitive Cambridge Editions of D. H. Lawrence)","D. H. Lawrence"
"Future Minds: The Rise of Intelligence from the Big Bang to the End of the Universe","Richard Yonck"
"Flying","Henry Sutton"
"The Mythology Book: Big Ideas Simply Explained (DK Big Ideas)","DK"
"The Journal of a Disappointed Man (Penguin Modern Classics)","W. N. P. Barbellion"
"Beyond Weird","Philip Ball"
"The Posthumous Memoirs of Brás Cubas","Joaquim Maria Machado de Assis"
"Something Deeply Hidden: Quantum Worlds and the Emergence of Spacetime","Sean M. Carroll"
"After Tamerlane: The Rise and Fall of Global Empires, 1400-2000","John Darwin"
"Genghis Khan and the Making of the Modern World","Jack Weatherford"
"Saints And Sinners: In the Anglo-Saxon Kingdoms of Mercia and Lindsey","John Broughton"
"Bradman &amp; the Summer that Changed Cricket: The 1930 Australian Tour of England","Christopher Hilton"
"How to eat a peach: Menus, stories and places","Diana Henry"
"Capitalist Realism: Is there no alternative?","Mark Fisher"
"Chasing the Sun: The Epic Story of the Star That Gives us Life","Richard Cohen"
"The New Long Life: A Framework for Flourishing in a Changing World","Andrew J. Scott, Lynda Gratton"
"The Lost Kings: Lancaster, York and Tudor","Amy Licence"
"How to Argue With a Racist: History, Science, Race and Reality","Adam Rutherford PhD"
"Warriors: Extraordinary Tales from the Battlefield","Max Hastings"
"The Secret War: Spies, Codes and Guerrillas 1939–1945","Max Hastings"
"Nemesis: The Battle for Japan, 1944–45","Max Hastings"
"A Little Hatred: The First in the Epic Sunday Times Bestselling Series (The Age of Madness)","Joe Abercrombie"
"The Lost Estate (Le Grand Meaulnes) (Penguin Classics)","Henri Alain-Fournier"
"The Lost Pianos of Siberia: A Sunday Times Book of 2020","Sophy Roberts"
"Operation Sealion: How Britain Crushed the German War Machine's Dreams of Invasion in 1940","Leo McKinstry"
"The Vietnam War: An Intimate History","Geoffrey C. Ward, Ken Burns"
"The Magic of Reality: From the multi-million bestselling author of The God Delusion","Richard Dawkins"
"1000 Years of Annoying the French","Stephen Clarke"
"French Country Cooking: Authentic Recipes from Every Region","Françoise Branget"
"This Book Could Save Your Life: The Science of Living Longer Better","New Scientist, Graham Lawton"
"Normandy ‘44: The epic Sunday Times bestseller","James Holland"
"Black Leopard, Red Wolf: Dark Star Trilogy Book 1","Marlon James"
"The Changing Mind: A Neuroscientist's Guide to Ageing Well","Daniel J.  Levitin"
"The Ultimate Healthy Greek Cookbook: 75 Authentic Recipes for a Mediterranean Diet","Yiota Giannakopoulou"
"Storm in a Teacup: The Physics of Everyday Life","Helen Czerski"
"Curry Easy: 175 quick, easy and delicious curry recipes from the Queen of Curry","Madhur Jaffrey"
"The Battle of the Somme","A. A. G. Whitehead"
"Creation Machine: (The Spin Trilogy 1)","Andrew Bannister"
"The British: A Portrait Of An Indomitable Island People","Norman Gelb"
"The Girl Beneath the Sea: A Thriller (Underwater Investigation Unit Book 1)","Andrew Mayne"
"Dept. of Speculation","Jenny Offill"
"Leaving the Atocha Station","Ben Lerner"
"Daemon Voices: On Stories and Storytelling","Philip Pullman"
"The Future: A Very Short Introduction (Very Short Introductions)","Jennifer M. Gidley"
"The Colony Room Club: A History of Bohemian Soho","Sophie Parkin"
"Absolute Beginners: The twentieth-century cult classic (London Trilogy Book 2)","Colin MacInnes"
"Irony and Sarcasm (MIT Press Essential Knowledge series)","Roger Kreuz"
"The Year 1000: When Explorers Connected the World – and Globalization Began","Valerie Hansen"
"The Complete Italian Cookbook: Essential Regional Cooking of Italy","Manuela  Mazzocco"
"Clear Bright Future: A Radical Defence of the Human Being","Paul Mason"
"Time's Fool (A Mystery of Shakespeare Book 1)","Leonard Tourney"
"Rome Unbound: Whispers of Rebellion","Christopher Lee Buckner"
"Command (Lt Peter Harding Book 2)","Antony Melville-Ross"
"Comfort: Food to Soothe the Soul","John Whaite"
"Khazana: An Indo-Persian cookbook with recipes inspired by the Mughals from the SUNDAY TIMES BESTSELLING AUTHOR","Saliha Mahmood Ahmed"
"Tony Bath’s Ancient Wargaming: Including Setting up a Wargames Campaign and the Hyborian Campaign (History of Wargaming Project Book 6)","Tony Bath, John Curry"
"The Handmade Loaf: The book that started a baking revolution","Dan Lepard"
"Conversations with Friends: 'Brilliant, funny and startling.' GUARDIAN","Sally Rooney"
"The Borough Market Cookbook: Recipes and stories from a year at the market","Ed Smith"
"About Writing","Gareth L Powell"
"Indian Restaurant Curry at Home Volume 1: Misty Ricardo's Curry Kitchen","Richard Sayce"
"Zucked: Waking Up to the Facebook Catastrophe","Roger McNamee"
"How the World Thinks: A Global History of Philosophy","Julian Baggini"
"I'd Rather Be Reading: The Delights and Dilemmas of the Reading Life","Anne Bogel"
"Lost Pages: Stories","Paul Di Filippo"
"1913 The Defiant Swan Song (Tales of the Tsars Book 3)","Virginia Cowles"
"Some of the Best from Tor.com: 2019 Edition: A Tor.com Original","Elizabeth Bear, Siobhan Carroll, John Chu, Greg Egan, Kathleen Ann Goonan, S. L. Huang, Carole Johnstone, KJ Kabza, Erinn L. Kemper, Mary Robinette Kowal, Rich Larson, M.E. MacGriogair, Seanan McGuire, Lis Mitchell, Mimi Mondal, Annalee Newitz, Silvia Park, Laurie Penny, Brenda Peynado, Christopher Rowe, Rivers Solomon, Karin Tidbeck, Neon Yang, E. Lily Yu"
"The Claws of the Bear: A History of the Soviet Armed Forces from 1917 to 1989","Brian Moynahan"
"French Cooking for Beginners: 75+ Classic Recipes to Cook Like a Parisian","François de Mélogue"
"Britannia's Realm: In Support of the State 1763-1815 (A History of the British Merchant Navy Book 2)","Richard Woodman"
"Dreadnought: A History of the Modern Battleship","Richard Hough"
"In at the Deep End: Winner of the Polari Book Prize 2020","Kate Davies"
"Super Human: The Bulletproof Plan to Age Backward and Maybe Even Live Forever","Dave Asprey"
"The Demon in the Machine: How Hidden Webs of Information Are Finally Solving the Mystery of Life","Paul Davies"
"Them: Adventures with Extremists (Picador Classic)","Jon Ronson"
"The Crime Book: Big Ideas Simply Explained (DK Big Ideas)","DK"
"The Home Chef's Sous Vide Cookbook: Elevated Recipes for Your Favorite Meats and Sides","Jenna  Passaro"
"Rome Unbound: Missio","Christopher Lee Buckner"
"Crusaders","Dan Jones"
"Enemy Coast Ahead: The Illustrated Memoir of Dambuster Guy Gibson","Guy Gibson"
"Doctor Who: Scratchman","Tom Baker, James Goss"
"The Killing Fog (The Grave Kingdom Book 1)","Jeff Wheeler"
"Thief River Falls","Brian Freeman"
"Nemo's Almanac: A Quiz for Book Lovers","Ian Patterson"
"Escaping the Rabbit Hole: How to Debunk Conspiracy Theories Using Facts, Logic, and Respect","West Mick"
"Married Alive","Julie Burchill"
"Uncanny Valley: Seduction and Disillusionment in San Francisco’s Startup Scene","Anna Wiener"
"A Field Guide to Reality","Joanna Kavenna"
"Metropole","Ferenc Karinthy"
"The Future of Feeling: Building Empathy in a Tech-Obsessed World","Kaitlin Ugolik Phillips"
"Red Card (Mark Rossetti Football Thrillers Book 2)","Mel Stein"
"The Big Change: America Transforms Itself, 1900–1950","Frederick Lewis Allen"
"Python Tricks: A Buffet of Awesome Python Features","Dan Bader"
"The New Silk Roads: The Present and Future of the World","Professor Peter Frankopan"
"Voyage For Madmen, A","Peter Nichols"
"The Culture of the Europeans (Text Only Edition): A Magisterial Non-Fiction Narrative of European Sociology and Global Cultural Influence","Donald Sassoon"
"The New Voices of Science Fiction","Nino Cipri, Rich Larson, Darcie Little Badger, S. Qiouyi Lu, Sam J. Miller, Samantha Mills, Suzanne Palmer, Sarah Pinsker, Vina Jie-Min Prasad, David Erik Nelson, Kelly Robson, Amman Sabet, Jason Sanford, E. Lily Yu, Jamie Wahls, Alexander Weinstein, Hannu Rajaniemi, Jacob Weisman"
"The Penguin Book of Oulipo: Queneau, Perec, Calvino and the Adventure of Form (Penguin Modern Classics)","Philip Terry"
"The Robot and Automation Almanac - 2020: The Futurist Institute","Jason Schenker"
"The Best of R. A. Lafferty (S.F. MASTERWORKS Book 176)","R. A. Lafferty"
"Bad Blood: Secrets and Lies in a Silicon Valley Startup","John Carreyrou"
"Lost Hills (Eve Ronin Book 1)","Lee Goldberg"
"Summerland","Hannu Rajaniemi"
"The Secret Life of Books: Why They Mean More Than Words","Tom Mole"
"Folk Opposition","Alex Niven"
"Carrying the Fire: An Astronaut's Journeys","Michael Collins"
"New Model Island: How to Build a Radical Culture Beyond the Idea of England","Alex Niven"
"Exploding the Phone: The Untold Story of the Teenagers and Outlaws who Hacked Ma Bell","Phil Lapsley"
"Lifespan: Live a longer and healthier life with this bestselling anti-ageing book by Dr David A. Sinclair, acclaimed Harvard Medical School doctor","David Sinclair"
"The Final Advance, September to November 1918 (British Expeditionary Force)","Andrew Rawson"
"Normal People: The multimillion copy bestseller","Sally Rooney"
"Chernobyl Prayer: Voices from Chernobyl (Penguin Modern Classics)","Svetlana Alexievich"
"The World in 1776","Marshall B. Davidson"
"Romancing the Page: Lesbian Romance Collection","Laura Ambrose"
"A Transcontinental Affair: A Novel","Jodi Daynard"
"Middle England: The hilarious Costa Novel award-winning satire novel (The Rotters' Club Book 3)","Jonathan Coe"
"Iron, Fire and Ice: The Real History that Inspired Game of Thrones","Ed West"
"1939: The World We Left Behind (The Second World War Book 1)","Robert Kee"
"This Book Will Blow Your Mind: Journeys at the Extremes of Science","New Scientist"
"Elemental: How the Periodic Table Can Now Explain (Nearly) Everything","Tim James"
"Vietnam: A gripping Sunday Times bestselling memoir and political history of the Vietnam conflict","Sir Max Hastings"
"1919: Britain's Year of Revolution","Simon Webb"
"The Calculating Stars (The Lady Astronaut Book 1)","Mary Robinette Kowal"
"The Rationalist's Guide to the Galaxy: Superintelligent AI and the Geeks Who Are Trying to Save Humanity's Future","Tom Chivers"
"Factfulness: Ten Reasons We're Wrong About The World - And Why Things Are Better Than You Think","Hans Rosling, Ola Rosling, Anna Rosling Rönnlund"
"The Man Who Played with Fire: Stieg Larsson's Lost Files and the Hunt for an Assassin","Jan Stocklassa"
"Eat Korean: Our home cooking and street food","Da-Hae West, Gareth West"
"Franco Manca, Artisan Pizza to Make Perfectly at Home","Giuseppe Mascoli, Bridget Hugo"
"Gnomon","Nick Harkaway"
"Letters from a Stoic: Epistulae Morales Ad Lucilium (Classics S.)","Seneca, Robin Campbell"
"Berlin: The Downfall 1945: The authoritative history book uncovering the final days of the Nazi Third Reich","Antony Beevor"
"How to Lose a Country: The 7 Steps from Democracy to Dictatorship","Ece Temelkuran"
"Trunk Line: Book One of The Orion Spur (Trunk Line - tales of the Orion spur 1)","Dave O'Neill"
"On Cricket","Mike Brearley"
"Rubicon: The Triumph and Tragedy of the Roman Republic","Tom Holland"
"The Art of the Burger: More Than 50 Recipes to Elevate America's Favorite Meal to Perfection","Jens Fischer"
"The Test: A Novel","Nathan Leamon"
"Exactly: How Precision Engineers Created the Modern World","Simon Winchester"
"The Science of Storytelling: Why Stories Make Us Human, and How To Tell Them Better","Will Storr"
"The First Stone","Carsten Jensen"
"The Sellout: WINNER OF THE MAN BOOKER PRIZE 2016","Paul Beatty"
"London Fictions","Andrew Whitehead, Andrew Whitehead, Jerry White"
"The Art of the Novel (Salt Guides for Readers and Writers)","Nicholas Royle"
"What’s Your Type?: The Strange History of Myers-Briggs and the Birth of Personality Testing","Merve Emre"
"Permission: An alternative feminist love story for the modern age","Saskia Vogel"
"Winston Churchill: The Era and The Man","Virginia Cowles"
"The Underground Railroad: LONGLISTED FOR THE MAN BOOKER PRIZE 2017","Colson Whitehead"
"String City","Graham Edwards"
"Academia Obscura: The Hidden Silly Side of Higher Education","Glen Wright"
"Enchanted Britain: Mystical Sites in Rural England, Scotland and Wales","Marc Alexander"
"New Suns: Original Speculative Fiction by People of Color","Nisi Shawl, Rebecca Roanhorse, Silvia Moreno-Garcia, Tobias S. Buckell, Kathleen Alcala, Minsoo Kang, Steven Barnes, Chinelo Onwualu, Darcie Little Badger"
"Creating Character Arcs: The Masterful Author's Guide to Uniting Story Structure, Plot, and Character Development (Helping Writers Become Authors Book 9)","K.M. Weiland"
"Alternate Peace","Harry Turtledove, Kristine Rusch, Juliet McKenna, Kari Sperring, Stephen Leigh, Ian MacLeod, Rick Wilber, Michael Robertson, Steven Silver, Joshua Palmatier"
"The Hallows","Victor Methos"
"Fall or, Dodge in Hell: From the New York Times bestselling sci fi author of books like Seveneves, his latest masterpiece","Neal Stephenson"
"The Rise and Fall of the Dinosaurs: The Sunday Times Bestseller, The Untold Story of a Lost World","Steve Brusatte"
"Origin Story: A Big History of Everything","David Christian"
"Younger for Longer: How You Can Slow the Ageing Process and Stay Healthy for Life","Dr Duncan Carmichael"
"Indianapolis","Lynn Vincent"
"Kiss Kiss, Bang Bang: The Boom in British Thrillers from Casino Royale to The Eagle Has Landed","Mike Ripley"
"Woodlands: A Compelling Natural History of the British Landscape and Its Trees","Oliver Rackham"
"The Book of Why: The New Science of Cause and Effect (Penguin Science)","Judea Pearl, Dana Mackenzie"
"The Crusades: The War for the Holy Land","Thomas Asbridge"
"Writing Fiction: A Guide to Narrative Craft (Chicago Guides to Writing, Editing, and Publishing)","Janet Burroway, Elizabeth Stuckey-French, Ned Stuckey-French"
"A Certain Idea of France: The Life of Charles de Gaulle","Julian Jackson"
"Paul Simon: The Life","Robert Hilburn"
"Dance Between Flames: Berlin Between the Wars (Inside the Reich Book 2)","Anton Gill"
"One Hundred Days: Napoleon's Road to Waterloo (The Napoleonic Wars Book 3)","Alan Schom"
"In the Beginning: The Birth of the Living Universe","John Gribbin"
"The Rough Guide to the Greek Islands (Travel Guide eBook)","Rough Guides"
"Inglorious Empire: What the British Did to India","Shashi Tharoor"
"The Rise and Fall of D.O.D.O.: A Thrilling Fantasy Novel of Secret Agents and Time-Travel Missions","Neal Stephenson, Nicole Galland"
"The Library Book","Susan Orlean"
"The Gannet's Gastronomic Miscellany","Killian Fox, The Gannet"
"Skinny Pasta: 80 flavour-packed recipes of less than 500 calories (Skinny series)","Julia Azzarello"
"Olives, Lemons &amp; Za'atar: The Best Middle Eastern Home Cooking","Rawia Bishara, Jumana Bishara"
"The Battleship Builders: Constructing and Arming British Capital Ships","Ian Johnston, Ian Buxton"
"Orange Blossom &amp; Honey: Magical Moroccan recipes from the souks to the Sahara","John Gregory-Smith"
"Turkish Delights: Stunning regional recipes from the Bosphorus to the Black Sea","John Gregory-Smith"
"Our Korean Kitchen","Jordan Bourke, Rejina Pyo"
"Levant: New Middle Eastern Flavours","Rawia Bishara, Jumana Bishara"
"Syria: Recipes from Home","Itab Azzam, Dina Mousawi"
"Making History: Classic Alternate History Stories","Rick Wilber, Rick Wilber"
"Write Short Stories and Get Them Published: Your practical guide to writing compelling short fiction","Zoe Fairbairns"
"Get Started in Writing Science Fiction and Fantasy: How to write compelling and imaginative sci-fi and fantasy fiction (Teach Yourself: Writing)","Adam Roberts"
"Chernobyl: History of a Tragedy","Serhii Plokhy"
"A Viking Odyssey: Around the World 1,000 Years Ago","John Man"
"Melody James","Stephen Gallagher"
"City of Sin: London and its Vices","Catharine Arnold"
"Heaven's Bankers: Inside the Hidden World of Islamic Finance","Harris Irfan"
"One Word Kill (Impossible Times Book 1)","Mark Lawrence"
"If the Allies Had Fallen: Sixty Alternate Scenarios of World War II","Dennis E. Showalter, Harold C. Deutsch"
"Gunpowder: Explosive flavours from modern India","Devina Seth, Harneet Baweja, Nirmal Save"
"The Hairy Dieters: How to Love Food and Lose Weight","Hairy Bikers"
"Casablanca: My Moroccan Food","Nargisse Benkabbou"
"The Modern Italian Cook: The OFM Book of The Year 2018","Joe Trivelli"
"The Hairy Bikers' Great Curries: Celebrating the nations' favourite dish","Hairy Bikers"
"Psychogeography","Merlin Coverley"
"Tom Kerridge's Dopamine Diet: My low-carb, stay-happy way to lose weight","Tom Kerridge"
"Killers of the Flower Moon: Oil, Money, Murder and the Birth of the FBI","David Grann"
"Exit West: A BBC 2 Between the Covers Book Club Pick – Booker Prize Gems","Mohsin Hamid"
"Rosewater: Book 1 of the Wormwood Trilogy, Winner of the Nommo Award for Best Novel","Tade Thompson"
"New People Of The Flat Earth","Brian  Short"
"Angela Carter's Book Of Wayward Girls And Wicked Women (Virago Modern Classics 71)","Angela Carter"
"The Battle for Spain: The Spanish Civil War 1936-1939","Antony Beevor"
"Trafalgar: Countdown to Battle, 1803-1805 (The Napoleonic Wars Book 1)","Alan Schom"
"The Kaiser's Battlefleet: German Capital Ships, 1871–1918","Aidan Dodson"
"Places in the Darkness","Chris Brookmyre"
"This Year You Write Your Novel","Walter Mosley"
"Atlantic Nightmare: The longest military campaign in World War II","Richard Freeman"
"The Time Traveller's Guide to Medieval England: A Handbook for Visitors to the Fourteenth Century (Ian Mortimer’s Time Traveller’s Guides)","Ian Mortimer"
"The Fever King (Feverwake Book 1)","Victoria Lee"
"An Introduction to APIs","Brian Cooksey, Danny Schreiber, Bryan Landers"
"The Stranger: Black Lace Classics","Portia Da Costa"
"Bookshops","Jorge Carrión"
"The Road to Unfreedom: Russia, Europe, America","Timothy Snyder"
"Their Brilliant Careers: Winner of the 2017 Pennington Prize","Ryan O'Neill"
"Shelter (The Aftermath Book 1)","Dave Hutchinson"
"Mismatch: How Our Stone Age Brain Deceives Us Every Day (And What We Can Do About It)","Ronald Giphart, Mark van Vugt"
"Hangover Square","Patrick Hamilton"
"A Very British History: The Best Science Fiction Stories of Paul McAuley, 1985 – 2011","Paul McAuley"
"The French Foreign Legion","Douglas Boyd"
"The Robot and Automation Almanac - 2019: The Futurist Institute","Jason Schenker"
"Dunkirk: A Miracle of Deliverance (The Storm of War Book 2)","David Boyle"
"The Angels' Share (Black Lace)","Maya Hess"
"The House on Half Moon Street: A Richard and Judy Book Club pick (Leo Stanhope 1)","Alex Reeve"
"The Echoes of Babylon: The Rise and Fall of Three Great Republics","Michael Hastings"
"One-Pot Pasta Cookbook: 65 Super Easy Recipes for One-and-Done Meals","Sarah Walker Caron"
"The Age of Urban Democracy: England 1868-1914","Donald Read"
"Empire of Guns: The Violent Making of the Industrial Revolution","Priya Satia"
"The Killer Collective","Barry Eisler"
"Smoke and Summons (Numina Book 1)","Charlie N. Holmberg"
"Autonomous","Annalee Newitz"
"The Wandering Earth","Cixin Liu"
"Rome: A History in Seven Sackings","Matthew Kneale"
"Time Travel and Warp Drives: A Scientific Guide to Shortcuts through Time and Space","Allen Everett, Thomas Roman"
"The Master Algorithm: How the Quest for the Ultimate Learning Machine Will Remake Our World","Pedro Domingos"
"The Spirit Box","Stephen Gallagher"
"How To Be Right: … in a world gone wrong","James O'Brien"
"Britain and Victory in the Great War","Peter Liddle"
"Arlott, Swanton and the Soul of English Cricket","Stephen Fay, David Kynaston"
"Bound With Skin","Kevin Rattan"
"The Overstory: Shortlisted for the Man Booker Prize 2018","Richard Powers"
"True Detective and Philosophy: A Deeper Kind of Darkness (The Blackwell Philosophy and Pop Culture Series)","Jacob Graham, Tom Sparrow"
"Indian Cookery Course (Octo01 13 06 2019)","Monisha Bharadwaj"
"Loos 1915: The Unwanted Battle (The Great War Series Book 1)","Gordon Corrigan"
"Restoration London: Everyday Life in the 1660s (Life of London Book 2)","Liza Picard"
"Elizabeth's London: Everyday Life in Elizabethan London (Life of London Book 1)","Liza Picard"
"The Making Of The British Landscape: From the Ice Age to the Present","Nicholas Crane"
"A Million Years in a Day: A Curious History of Daily Life","Greg Jenner"
"Infinity's End (The Infinity Project Book 7)","Jonathan Strahan, Stephen Baxter, Hannu Rajaniemi, Alastair Reynolds, Seanan McGuire, Kristine Kathryn Rusch"
"The Weird: A Compendium of Strange and Dark Stories","Ann VanderMeer, Jeff VanderMeer, Ann VanderMeer, Ann Vandermeer, Jeff Vandermeer"
"The Dark Heart: A True Story of Greed, Murder, and an Unlikely Investigator","Joakim Palmkvist"
"The Ragged Edge of Night","Olivia Hawker"
"The Undoing Project: A Friendship that Changed the World (181 POCHE)","Michael Lewis"
"Secret Preston","Keith Johnson"
"The Shadow Of The Wind (The Cemetery of Forgotten Series Book 1)","Carlos Ruiz Zafon"
"The Bookshop: A powerful literary fiction novel shortlisted for the Booker Prize","Penelope Fitzgerald"
"The Earth is Weeping: The Epic Story of the Indian Wars for the American West","Peter Cozzens"
"Outskirts: Living Life on the Edge of the Green Belt","John Grindrod"
"Things I'll Never forget: Memories of a Marine in Viet Nam","James M. Dixon"
"From Source to Sea: Notes from a 215-Mile Walk Along the River Thames","Tom Chesshyre"
"At the Wedding","Matt Dunn"
"Rum The Manual: How to drink rum of all kinds","Dave Broom"
"The Gin Dictionary","David T. Smith"
"Gin The Manual","Dave Broom"
"Whisky: The Manual: A no-nonsense guide to enjoying whisky in all its forms","Dave Broom"
"The Outsider: A History of the Goalkeeper","Jonathan Wilson, Jonathan Wilson Ltd"
"Pitt Cue Co. - The Cookbook","Tom Adams, Jamie Berger, Simon Anderson, Richard H Turner"
"Gordon Ramsay Ultimate Fit Food: Mouth-watering recipes to fuel you for life","Gordon Ramsay"
"2001: An Odyssey in Words: Honouring the Centenary of Arthur C. Clarke's Birth","Alastair Reynolds, Neil Gaiman, China Miéville, Bruce Sterling, Becky Chambers, Jane Rogers, Paul McAuley, Ian McDonald, Claire North, Allen  Stroud, Ian Whates"
"Beautiful Exiles","Meg Waite Clayton"
"The Diary of a Young Girl: The Definitive Edition of the World’s Most Famous Diary","Anne Frank"
"The Chrysalids (Penguin Essentials)","John Wyndham"
"The Booker and The Best: Discrimination in the Book World (Kindle Single)","Nicholas Clee"
"Games Without Frontiers","Joe Kennedy"
"Authentocrats: Culture, Politics and the New Seriousness","Joe Kennedy"
"The Thinnest Air","Minka Kent"
"Come Let Us Sing Anyway","Leone Ross"
"The Geek's Guide to SF Cinema: 30 Key Films that Revolutionised the Genre","Ryan Lambie"
"Ardennes 1944: Hitler's Last Gamble","Antony Beevor"
"Mothership: Tales from Afrofuturism and Beyond","Bill Campbell, Edward Austin Hall, Bill Campbell, Edward Austin Hall"
"Other Minds: The Octopus and the Evolution of Intelligent Life","Peter Godfrey-Smith"
"The King's Justice (A Stanton and Barling Mystery Book 1)","E.M. Powell"
"The Things They Carried: An award-winning history and politics memoir of the Vietnam War","Tim O’Brien"
"Claridge's: The Cookbook","Martyn Nail, Meredith Erickson"
"Doctor Who: The Day of the Doctor (Target Collection) (Doctor Who Target Novels – Classic Era Book 4)","Steven Moffat"
"Simple Spice: 120 easy Indian recipes with just 10 spices","Cyrus Todiwala"
"Ginger Pig Farmhouse Cook Book","Fran Warde, Tim Wilson"
"Le Creuset One-pot Cuisine: Classic Recipes for Casseroles, Tagines &amp; Simple One-pot Dishes","Le Creuset"
"Locomotion: The Railway Revolution","Nicholas Faith"
"Eat London: All About Food","Sir Terence Conran, Peter Prescott"
"One Pan to Rule Them All: 100 Cast-Iron Skillet Recipes for Indoors and Out","Howie Southworth, Greg Matza"
"Any Day Now","Terry Bisson"
"Invisible Planets","Ken Liu"
"A Change of Appetite: where delicious meets healthy","Diana Henry"
"The Little Book of Big History: The Story of Life, the Universe and Everything","Ian Crofton, Jeremy Black"
"Lidgate's: The Meat Cookbook: Buy and cook meat for every occasion","Danny Lidgate"
"Cook Simple: Effortless cooking every day","Diana Henry"
"The Exphoria Code: The explosive new thriller from the creator of Atomic Blonde","Antony Johnston"
"Marcus at Home: The essential cookbook for every kitchen with easy-to-make recipes","Marcus Wareing"
"Narconomics: How To Run a Drug Cartel","Tom Wainwright"
"Legends of the Samurai","Hiroaki Sato"
"From Bacteria to Bach and Back: The Evolution of Minds","Daniel C. Dennett"
"Under the Pendulum Sun: A Novel of the Fae","Jeannette Ng"
"Chickenhawk","Robert Mason"
"Time and Time Again","Ben Elton"
"Why Italians Love to Talk About Food","Elena Kostioukovitch"
"Wilde's Last Stand","Philip Hoare"
"The Leopard: The dazzling Sicilian classic now a major Netflix TV show (Vintage Classics)","Giuseppe Tomasi Di Lampedusa"
"What We Cannot Know: Explorations at the Edge of Knowledge","Marcus Du  Sautoy"
"All Our Wrong Todays: A BBC Radio 2 Book Club Choice 2017","Elan Mastai"
"The Age of Decadence: Britain 1880 to 1914","Simon Heffer"
"Hell's Princess: The Mystery of Belle Gunness, Butcher of Men","Harold Schechter"
"The Greatest Story Ever Told...So Far","Lawrence M. Krauss"
"The Disaster Artist: My Life Inside The Room, the Greatest Bad Movie Ever Made","Greg Sestero, Tom Bissell"
"The Trouble with Henry and Zoe","Andy Jones"
"Gods Without Men","Hari Kunzru"
"The Science of Food: An Exploration of What We Eat and How We Cook","Marty Jopson"
"Scissors, Paper, Stone: A thought-provoking psychological literary novel from the Sunday Times bestselling author","Elizabeth Day"
"Paradise City: A compelling debut literary suspense novel from the Sunday Times bestselling author","Elizabeth Day"
"The Party: The thrilling Richard &amp; Judy Book Club Pick 2018","Elizabeth Day"
"The Unwomanly Face of War (Penguin Modern Classics)","Svetlana Alexievich"
"White Rose, Black Forest","Eoin Dempsey"
"Passchendaele: A New History","Nick Lloyd"
"Six Minutes in May: How Churchill Unexpectedly Became Prime Minister","Nicholas Shakespeare"
"24 Hours in Ancient Rome: A Day in the Life of the People Who Lived There (24 Hours in Ancient History)","Dr Philip Matyszak"
"The Bomber War: Arthur Harris and the Allied Bomber Offensive 1939-1945","Robin Neillands"
"Why We Sleep: The New Science of Sleep and Dreams","Matthew Walker"
"The Little Library Cookbook","Kate Young"
"Masterclass Text Only: Make Your Home Cooking Easier","James Martin"
"Cooking for Friends","Gordon Ramsay"
"Filling the Void","Marcus Gilroy-Ware"
"Nature and Necessity","Tariq Goddard"
"Thank You for Being Late: An Optimist's Guide to Thriving in the Age of Accelerations","Thomas L. Friedman"
"The Telomere Effect: A Revolutionary Approach to Living Younger, Healthier, Longer","Dr Elizabeth Blackburn, Dr Elissa Epel"
"Happy: Why More or Less Everything is Absolutely Fine","Derren Brown"
"Men In Love","Nancy Friday"
"Isn't This Fun?: Investigating the Serious Business of Enjoying Ourselves","Michael Foley"
"The Roasting Tin: Simple One Dish Dinners (Rukmini’s Roasting Tin)","Rukmini Iyer"
"Rick Stein's Long Weekends","Rick Stein"
"The English and their History","Robert Tombs"
"The Journeys End Battalion: The 9th East Surrey in the Great War","Michael Lucas"
"The White Tiger: WINNER OF THE MAN BOOKER PRIZE 2008","Aravind Adiga"
"Cork Dork: A Wine-Fuelled Journey into the Art of Sommeliers and the Science of Taste","Bianca Bosker"
"The Fifth Season: The Broken Earth, Book 1, WINNER OF THE HUGO AWARD 2016","N. K. Jemisin"
"OCEANS: The Anthology (Frontiers of Speculative Fiction Book 2)","Ken Liu, Rysa Walker, Daniel Arthur Smith, R.D. Brady, Alex Shvartsman, Caroline M. Yoachim, Nathan M. Beauchamp, S. Elliot Brandis, P.K. Tyler, Hank Garner, Will Swardstrom"
"D-Day: The Battle for Normandy: Discover the incredible true story of WW2’s pivotal battle on the 80th anniversary of D-Day","Antony Beevor"
"Gordon Ramsay's Ultimate Cookery Course","Gordon Ramsay"
"Peace on Earth: The Christmas Truce of 1914","David Boyle"
"Game Query: The Mind-Stretching Economist Quiz","THE ECONOMIST, Philip Coggan"
"Golden Hill: 'Best book of the century' Richard Osman","Francis Spufford"
"The Daily Stoic: THE PHENOMENAL WORLDWIDE BESTSELLER: 3 MILLION COPIES SOLD","Ryan Holiday, Stephen Hanselman"
"The Hidden Life of Trees: The International Bestseller","Peter Wohlleben"
"Into The Woods: How Stories Work and Why We Tell Them","John Yorke"
"Ginger Pig Meat Book","Fran Warde, Tim Wilson"
"101 Bets You Will Always Win: The Science of the Seemingly Impossible","Richard Wiseman"
"Without Enigma: The Ultra and Fellgiebel Riddles","Kenneth Macksey"
"Nightmares: A Story Collection","Sam Mills"
"The Night Visitors","Jenn Ashworth, Richard V. Hirst"
"The Day the Bubble Burst: A Social History of the Wall Street Crash of 1929","Gordon Thomas, Max Morgan-Witts"
"Edge of Infinity (The Infinity Project Book 2)","Jonathan Strahan, Elizabeth Bear, Stephen Baxter, Bruce Sterling, Alastair Reynolds, Hannu Rajaniemi, James S. A.  Corey, Jonathan Strahan"
"Ack-Ack Macaque","Gareth L. Powell"
"Revolution: The History of England Volume IV","Peter Ackroyd"
"The Essentials of Classic Italian Cooking","Marcella Hazan"
"Kaukasis The Cookbook: The culinary journey through Georgia, Azerbaijan &amp; beyond (MITCHELL BEAZLE)","Olia Hercules"
"Straight Up: The insiders' guide to the world's most interesting bars and drinking experiences","Joel Harrison, Neil Ridley"
"Star Rebels: Stories of Space Exploration, Alien Races, and Adventure","Audrey Faye, C. Gockel, Christine Pope, Anthea Sharp, D.L. Dunbar, Pippa DaCosta, Lindsay Buroker, Patty Jansen, James R. Wells"
"SIMPLE: effortless food, big flavours","Diana Henry"
"Dark Echoes of the Past (Private Investigator Heredia)","Ramón Díaz Eterovic"
"Age of Anger: A History of the Present","Pankaj Mishra"
"Life 3.0: Being Human in the Age of Artificial Intelligence","Max Tegmark"
"Feasts: Delicious Middle Eastern dishes to share with family and friends","Sabrina Ghayour"
"Delville Wood","Ian S Uys"
"Children of Time: Winner of the Arthur C. Clarke Award for Best Science Fiction Novel (The Children of Time Novels Book 1)","Adrian Tchaikovsky"
"New French Table","Emily Roux, Giselle Roux"
"The Promise of the Child (Amaranthine Spectrum 1)","Tom Toner"
"The Sky Below: A True Story of Summits, Space, and Speed","Scott Parazynski, Susy Flory"
"Fever Tree - The Art of Mixing: Simple long drinks &amp; cocktails from the world's leading bars","Fever-Tree Limited"
"Elon Musk: How the Billionaire CEO of SpaceX and Tesla is Shaping our Future","Ashlee Vance"
"Gizzi's Season's Eatings: Feasts &amp; Celebrations from Halloween to Happy New Year","Gizzi Erskine"
"Ready Player One: The global bestseller and now a major Steven Spielberg movie","Ernest Cline"
"College Physics for AP® Courses","Irina Lyublinskaya, Gregg Wolfe, Douglas Ingram, Liza Pujji, Sudhi Oberoi, Nathan Czuba, OpenStax"
"College Physics","Paul Peter Urone, Roger Hinrichs, OpenStax"
"U.S. History","P. Scott Corbett, Volker
John M. Lund Janssen, Todd Pfannestiel, Paul Vickery, OpenStax"
"Microbiology","Nina Parker, Mark Schneegurt, Anh-Hue Thi Tu, Brian M. Forster, Philip Lister, OpenStax"
"Chemistry: Atoms First","Edward J. Neth, Paul Flowers, Klaus Theopold, Richard Langley, William R. PhD Robinson, OpenStax"
"Chemistry","Paul Flowers, Klaus Theopold, Richard Langley, William R. PhD Robinson, OpenStax"
"Astronomy","Andrew Fraknoi, David Morrison, Sidney C. Wolff Wolff, OpenStax"
"Concepts of Biology","Samantha Fowler, Rebecca Roush, James
James Wise Wise, OpenStax"
"Anatomy and Physiology","J. Gordon Betts, Peter Desaix, Eddie Johnson, Jody E. Johnson, Oksana Korol, Dean Kruse, Brandon Poe, James A. Wise, Mark Womble, Kelly A. Young, OpenStax"
"Psychology","Rose M. Spielman, OpenStax"
"Introduction to Sociology 2e","Heather Griffiths, Nathan Keirns, Eric Strayer, Susan Cody-Rydzewski, Gail Scaramuzzo, Tommy Sadler, Sally Vyain, Jeff Bry, Faye Jones, OpenStax"
"The Martian: Stranded on Mars, one astronaut fights to survive","Andy Weir"
"Contact","Carl Sagan"
"The Honest Spy","Andreas Kollender"
"A Mindfulness Guide for the Frazzled","Ruby Wax"
"The Recollection","Gareth L. Powell"
"The Great Passage","Shion Miura"
"The Last Days of Hitler: The Classic Account of Hitler's Fall From Power","Hugh Trevor Roper"
"Hitler's Last Day: Minute by Minute","Jonathan Mayo, Emma Craigie"
"D-Day Minute By Minute: One historic day, hundreds of unforgettable stories","Jonathan Mayo"
"The Assassination of JFK: Minute by Minute","Jonathan Mayo"
"Titanic: Minute by Minute","Jonathan Mayo"
"Black and British: A Forgotten History, from the acclaimed historian and star of 'Celebrity Traitors'","David Olusoga"
"Armor and Blood: The Battle of Kursk: The Turning Point of World War II","Dennis E. Showalter"
"Dispatches","Michael Herr"
"The American Future: A History From The Founding Fathers To Barack Obama","Simon Schama"
"Ancient Worlds: An Epic History of East and West","Michael Scott"
"Introducing Game Theory: A Graphic Guide (Graphic Guides)","Ivan Pastine, Tuvana Pastine"
"Five Point Someone","Chetan Bhagat"
"The Persuaders: The hidden industry that wants to change your mind","James Garvey"
"How to be a Leader (The School of Life Book 15)","Martin Bjergegaard, Cosmina Popa"
"Talk Like TED: The 9 Public Speaking Secrets of the World's Top Minds","Carmine Gallo"
"TED Talks: The official TED guide to public speaking: Tips and tricks for giving unforgettable speeches and presentations","Chris Anderson"
"The Battle for the Rhine 1944: Arnhem and the Ardennes, the Campaign in Europe","Robin Neillands"
"When Lions Roared: The Lions, the All Blacks and the Legendary Tour of 1971","Tom English, Peter Burns"
"The Naturalist","Andrew Mayne"
"Top Of The Box - The Complete Guide To BBC Records And Tapes Singles","Tim Worthington"
"Sirocco: Fabulous Flavours from the East","Sabrina Ghayour"
"Mediterranean: Portrait of a Sea","Ernle Bradford"
"Revenger","Alastair Reynolds"
"Things Fall Apart (The African Trilogy Book 1)","Chinua Achebe"
"Persiana: Recipes from the Middle East &amp; Beyond","Sabrina Ghayour"
"Move Fast and Break Things: How Facebook, Google, and Amazon Have Cornered Culture and What It Means For All Of Us","Jonathan Taplin"
"Lenin on the Train","Catherine Merridale"
"The Better Angels of Our Nature: The Decline of Violence In History And Its Causes","Steven Pinker"
"Universal: A Journey Through the Cosmos","Brian Cox, Jeff Forshaw"
"Order, Order!: The Rise and Fall of Political Drinking","Ben Wright"
"Worth Dying For: The Power and Politics of Flags","Tim Marshall"
"Megatech: Technology in 2050","Daniel Franklin"
"The Course of Love: An unforgettable story of love and marriage from the author of bestselling novel Essays in Love","Alain de Botton"
"Oklava: Recipes from a Turkish–Cypriot kitchen","Selin Kiazim"
"PRIME: The Beef Cookbook","Richard H Turner"
"The Bookman","Lavie Tidhar"
"Chaos Monkeys: Inside the Silicon Valley Money Machine","Antonio Garcia Martinez"
"The Girl Who Played With Fire: the hair-raising sequel to The Girl With The Dragon Tattoo (Millennium Series Book 2)","Stieg Larsson"
"The Power of Time Perception: Control the Speed of Time to Slow Down Aging, Live a Long Life, and Make Every Second Count (The Art of Living Book Series 6)","Jean Paul Zogby"
"Colossus (Colossus Trilogy Book 1)","D. F. Jones"
"Alexander Hamilton (Great Lives)","Ron Chernow"
"Dreams Before the Start of Time","Anne Charnock"
"Reality Is Not What It Seems: The Journey to Quantum Gravity","Carlo Rovelli"
"Resolution Way","Carl Neville"
"Chavasse, Double VC: The Highly Acclaimed Biography of the Only Man to Win Two Victoria Crosses During the Great War","Ann Clayton"
"Drowned Worlds","Jonathan Strahan, Charlie Jane Anders, Kim Stanley Robinson, Ken Liu"
"A Beautiful Game: My love affair with cricket","Mark Nicholas"
"A Streetcar Named Desire (Penguin Modern Classics)","Tennessee Williams, E. Browne"
"We Have Always Lived in the Castle (Penguin Modern Classics)","Shirley Jackson"
"Bayes' Theorem Examples: A Visual Introduction For Beginners","Dan Morris, Mark Koning"
"Turn The Ship Around!: A True Story of Turning Followers into Leaders","L. David Marquet"
"Siracusa","Delia Ephron"
"My Family and Other Animals: The Corfu Trilogy 1","Gerald Durrell"
"Secrets From My Indian Family Kitchen","Anjali Pathak"
"Crazy Water, Pickled Lemons: Enchanting dishes from the Middle East, Mediterranean and North Africa","Diana Henry"
"Preston in 50 Buildings","Keith Johnson"
"Hot Milk: Now a major motion picture starring Emma Mackey and Fiona Shaw","Deborah Levy"
"The Vinyl Detective: Written in Dead Wax","Andrew Cartmel"
"Number 11: A brutal family dynasty shows its staying power in this hilarious satire from the bestselling author of Middle England","Jonathan Coe"
"Engineering Infinity (The Infinity Project Book 1)","Charles Stross, Gwyneth Jones, John Barnes, Hannu Rajaniemi, Stephen Baxter, Kristine Kathryn Rusch, John C. Wright, Karl Schroeder, Robert Reed, Jonathan Strahan"
"Heart of the Machine: Our Future in a World of Artificial Emotional Intelligence","Richard Yonck"
"Dragon's Egg: A Novel (Del Rey Impact)","Robert L. Forward"
"The Secret History of the Blitz","Joshua Levine"
"East of Eden (Penguin Modern Classics)","John Steinbeck"
"A Beautiful Poison","Lydia Kang"
"Cricket: The Game of Life: Every reason to celebrate","Scyld Berry"
"Eivissa: The Ibiza Cookbook","Anne Sijmonsbergen"
"The One Pot Cook (Fixed Format)","Hattie Ellis"
"SAS: Rogue Heroes: The authorized wartime history from the Sunday Times bestselling author","Ben Macintyre"
"If Then","Matthew de Abaitua"
"A Very English Scandal: Now a Major BBC Series Starring Hugh Grant","John Preston"
"On Tyranny: The Book to Help You Understand Why Democracy Is Failing","Timothy Snyder"
"Fearsome Journeys (The Chronicles of The Black Company)","Jonathan Strahan, Elizabeth Bear, Trudi Canavan, Kate Elliot, Saladin Ahmed, Scott Lynch, Glen Cook, KJ Parker"
"Ghost Force: The Secret History of the SAS","Ken Connor"
"Out of Time: A Refreshing Non-Fiction Account of Surviving the Midlife Crisis","Miranda Sawyer"
"Superforecasting: The Art and Science of Prediction","Philip Tetlock, Dan Gardner"
"Soho Dead","Greg Keen"
"In Therapy: How conversations with psychotherapists really work (Wellcome Collection)","Susie Orbach"
"The Road: a post-apocalyptic classic and winner of the Pulitzer Prize for Fiction (Picador Classic)","Cormac McCarthy"
"The Pressure Principle: Handle Stress, Harness Energy, and Perform When It Counts","Dr Dave Alred MBE"
"Battle-Cruisers: A History 1908-48","Ronald Bassett"
"Perfect Remains: A gripping crime thriller that will leave you breathless (A DI Callanach Thriller Book 1)","Helen Fields"
"The First Salute: A View of the American Revolution","Barbara W. Tuchman"
"Solaris Rising: The New Solaris Book of Science Fiction","Ian Whates, Alastair Reynolds, Peter F. Hamilton, Stephen Baxter, Ken Macleod, Paul di Filippo, Tricia Sullivan, Pat Cadigan, Adam Roberts, Lavie Tidhar, Ian Whates"
"Absolutely Foxed","Graeme Fowler"
"The Turning Point: A gripping emotional page-turner with a breathtaking twist","Freya North"
"Blitzed: Drugs in Nazi Germany","Norman Ohler"
"Algorithms to Live By: The Computer Science of Human Decisions","Brian Christian, Griffiths"
"Fries!: An Illustrated Guide to the World's Favorite Food","Blake Lingle"
"Eat Yourself Calm: Ingredients &amp; Recipes to Reduce the Stress in Your Life","Gill Paul"
"Psychology: Essential Thinkers, Classic Theories, and How They Inform Your World","Andrea Bonior PhD"
"The Best Science Fiction and Fantasy of the Year, Volume Eight","Jonathan Strahan, Neil Gaiman, Joe Abercrombie, KJ Parker"
"Brooklyn: The iconic prequel to Long Island, a 'masterwork' Sunday Times","Colm Tóibín"
"Despatch Rider on the Western Front, 1915–18: The Diary of Sergeant Albert Simpkin MM","David Venner, David Venner"
"Dream London (The Dream World Book 1)","Tony Ballantyne"
"Chance: The science and secrets of luck, randomness and probability","New Scientist"
"The Vorrh: Book One in the Vorrh Trilogy","Brian Catling"
"Underground Airlines","Ben H. Winters"
"Madonna in a Fur Coat (Penguin Modern Classics)","Sabahattin Ali"
"The Alchemist’s Secret: The gripping historical action thriller from the Sunday Times bestselling author (Ben Hope Book 1)","Scott Mariani"
"The Last Kingdom: The first epic, gripping historical fiction novel in the bestselling Last Kingdom series (The Last Kingdom Series Book 1)","Bernard Cornwell"
"A Seaside Affair: A heartwarming, gripping read from the Top Ten bestseller","Fern Britton"
"The Titanic: The History and Legacy of the World’s Most Famous Ship from 1907 to Today","Charles River Editors"
"Crimes Against a Book Club","Kathy Cooperman"
"Aliens: Science Asks: Is There Anyone Out There?","Jim Al-Khalili"
"Mexican Food Made Simple","Thomasina Miers"
"The Book of Phoenix","Nnedi Okorafor"
"Year Zero: A Novel","Rob Reid"
"Disrupted: Ludicrous Misadventures in the Tech Start-up Bubble","Dan Lyons"
"The Pike: Gabriele d’Annunzio, Poet, Seducer and Preacher of War","Lucy Hughes-Hallett"
"Einstein: His Life and Universe","Walter Isaacson"
"Darktown: The remarkable, multi-award nominated historical crime thriller","Thomas Mullen"
"Leviathan Wakes: Book 1 of the Expanse (now a Prime Original series)","James S. A. Corey"
"The 100-Year Life: Living and Working in an Age of Longevity","Lynda Gratton, Andrew J. Scott"
"The Bricks that Built the Houses: The Sunday Times Bestseller","Kae Tempest"
"Elements of Fiction Writing - Scene &amp; Structure","Jack Bickham"
"A Criminal Defense (Philadelphia Legal)","William L. Myers, Jr."
"Disturbed Universes","David L. Clements"
"Finest Years: Churchill as Warlord 1940–45","Max Hastings"
"The Brendan Voyage","Tim Severin"
"Hog: Proper pork recipes from the snout to the squeak","Richard H Turner"
"Monstrous Little Voices: New Tales From Shakespeare's Fantasy World","Adrian Tchaikovsky, Jonathan Barnes, Emma Newman, Kate Heartfield, Foz Meadows"
"The Triggering Town: Lectures and Essays on Poetry and Writing","Richard Hugo"
"Love The Psychology Of Attraction: A Practical Guide to Successful Dating and a Happy Relationship (Psychology Of...)","DK"
"After the Divorce","Grazia Deledda"
"Gut Symmetries","Jeanette Winterson"
"Test Of Greatness: Britain’s Struggle for the Atom Bomb","Brian Cathcart"
"The Winter Over","Matthew Iden"
"Bodyweight Workouts For Men: 75 Anytime, Anywhere Exercises to Build a Better Body","Sean Bartram"
"The Complete Running and Marathon Book: How to Run Faster, Further, Smarter (DK Complete Manuals)","DK"
"Where'd You Go, Bernadette: The New York Times bestseller, now a major motion picture starring Cate Blanchett","Maria Semple"
"The Lone Ranger and Tonto Fistfight in Heaven: Stories","Sherman Alexie"
"A Portrait of Bowie: A tribute to Bowie by his artistic collaborators and contemporaries","Brian Hiatt"
"Wizard of the Pigeons: A Powerful Urban Fantasy Adventure of Prophecy and Hidden Magic","Megan Lindholm"
"Unbound: How Eight Technologies Made Us Human and Brought Our World to the Brink","Richard L. Currier"
"The Old Ways: A Journey on Foot","Robert Macfarlane"
"The Railways: Nation, Network and People","Simon Bradley"
"Bury My Heart at Wounded Knee: An Indian History of the American West","Dee Brown"
"The Wharncliffe Companion to Preston: An A to Z of Local History","David Hunt"
"Chimerascope (Short Story Collections)","Douglas Smith"
"Oreo","Fran Ross"
"Stories of Your Life and Others: a short story collection by the award-winning science fiction author, including the novella that inspired the film Arrival (Picador Collection)","Ted Chiang"
"Letters from the Trenches: The First World War by Those Who Were There","Jacqueline Wadsworth"
"The Wolf in the Attic","Paul Kearney"
"Anatomy of a Soldier","Harry Parker"
"The Establishment: And how they get away with it","Owen Jones"
"A Bird in the Hand: Chicken recipes for every day and every mood","Diana Henry"
"Misbehaving: The Making of Behavioural Economics","Richard H. Thaler"
"The Silent Deep: The Royal Navy Submarine Service Since 1945","James Jinks, Peter Hennessy"
"Into the Thickening Fog","Andrei Gelasimov"
"Time Travel: An Observer Book of the Year Non-Fiction Study of Science and Philosophy","James Gleick"
"The Unwinding: Thirty Years of American Decline","George Packer"
"Agent of the Imperium: A Story of the Traveller Universe","Marc Miller"
"Apex (The Nexus Trilogy Book 3)","Ramez Naam"
"Crux (The Nexus Trilogy Book 2)","Ramez Naam"
"Bismarck: 24 Hours to Doom","Iain Ballantyne"
"Ocean of Storms","Christopher Mari, Jeremy K. Brown"
"The Collapse of Western Civilization: A View from the Future","Naomi Oreskes, Erik Conway"
"The Missing Books (V2)","Scott Esposito"
"NW","Zadie Smith"
"30-Second Theories: The 50 Most Thought-provoking Theories in Science","Martin Rees, Paul Parsons, Susan Blackmore"
"Outside Verdun","Arnold Zweig"
"Fear and Loathing on the Campaign Trail ’72: A revealing memoir from inside the Oval Office (Harper Perennial Modern Classics)","Hunter S. Thompson"
"The History Book: Big Ideas Simply Explained (DK Big Ideas)","DK"
"A Perfect Spy","John le Carré"
"Pompeii: The Life of a Roman Town","Professor Mary Beard"
"Electronic Dreams: How 1980s Britain Learned to Love the Computer","Tom Lean"
"Obelisk","Stephen Baxter"
"Orwell's Nose: A Pathological Biography","John Sutherland"
"The Maestro, The Magistrate and The Mathematician","Tendai Huchu"
"A Death in the Family: My Struggle Book 1","Karl Ove Knausgaard"
"The 50 Greatest Train Journeys of the World (The The 50)","Anthony Lambert"
"The Shelf Life of Happiness","David Machado"
"Clouds of Witness: From 1920 to 2023, classic crime at its best (Lord Peter Wimsey Series Book 2)","Dorothy L. Sayers"
"Lust, Chaos, War, and Fate - Greek Mythology: Timeless Tales from the Ancients","Zephyros Press, Jason Boyett"
"Wings of Ice: The Riddle of the Polar Air Race","Jeff Maynard"
"Civil War: The History of England Volume III","Peter Ackroyd"
"A History of the World","Andrew Marr"
"The Literature Book: Big Ideas Simply Explained (DK Big Ideas)","DK"
"The North Water: Now a major BBC TV series starring Colin Farrell, Jack O'Connell and Stephen Graham","Ian McGuire"
"Philosophy","Kevin Perry"
"The Kaiser: War Lord of the Second Reich","Alan Palmer"
"Swimming with Sharks: My Journey into the World of the Bankers","Joris Luyendijk"
"Nothing is True and Everything is Possible: Adventures in Modern Russia","Peter Pomerantsev"
"The Invention of Nature: The Adventures of Alexander von Humboldt, the Lost Hero of Science: Costa &amp; Royal Society Prize Winner","Andrea Wulf"
"Emotional Rescue: Essays on Love, Loss, and Life—With a Soundtrack","Ben Greenman"
"Stand Up and Sock It To them Sister (Library of Wales)","Gwenno Dafydd"
"Old Soldiers Never Die (Library of Wales Book 43)","Frank Richards"
"Spies, Sadists and Sorcerers: The history you weren't taught in school","Dominic Selwood"
"Follow You Home","Mark Edwards"
"Forgotten Footprints: Lost Stories in the Discovery of Antartctica","John Harrison"
"Clockwork Phoenix 5","Marie Brennan, Beth Cato, C.S.E. Cooney, Carlos Hernandez, A.C. Wise, Shveta Thakrar, Alex Dally MacFarlane, Sonya Taaffe, Cassandra Khaw, Mike Allen"
"We Hope to Get Word Tomorrow: The Garvin Family Letters, 1914–1916","Garvin, John G.G. Ledingham, Mark Pottle"
"Twelve Days on the Somme: A Memoir of the Trenches, 1916","Sidney Rogerson"
"Coffee: The Epic of a Commodity","H.E. Jacob"
"Sweet Caress: The Many Lives of Amory Clay","William Boyd"
"Phyl-Undhu: Abstract Horror, Exterminator","Nick Land"
"Our Kind of Traitor","John le Carré"
"A Girl Corrupted by the Internet is the Summoned Hero?!","Eliezer Yudkowsky"
"The Silk Roads: A New History of the World","Professor Peter Frankopan"
"Mindfulness: Your step-by-step guide to a happier life (Practical Guide Series)","Tessa Watt"
"The Intelligent Investor, Rev. Ed: The Definitive Book on Value Investing – A Timeless Investment Strategy for Navigating the Stock Market and Mastering Finance","Benjamin Graham, Jason Zweig"
"They All Love Jack: Busting the Ripper","Bruce Robinson"
"The Oxford Illustrated History of the First World War: New Edition","Hew Strachan"
"Tudors: The History of England Volume II","Peter Ackroyd"
"We're All Damaged","Matthew Norman"
"Chester 5000","Jess Fink"
"The Rolling Stones' Exile on Main Street (33 1/3 Book 18)","Bill Janovitz"
"Wanna Cook?: The Complete, Unofficial Companion to Breaking Bad","Ensley F. Guffey, K. Dale Koontz"
"Empire of Cotton: A New History of Global Capitalism","Sven Beckert"
"Arcadia","Iain Pears"
"An Atlas of Countries That Don't Exist: A Compendium of Fifty Unrecognized and Largely Unnoticed States","Nick Middleton"
"Golden Age (The Shifting Tides Book 1)","James Maxwell"
"How Google Works","Eric Schmidt"
"All for Nothing","Walter Kempowski"
"The Science of Everyday Life: Why Teapots Dribble, Toast Burns and Light Bulbs Shine","Marty Jopson"
"A Line in the Sand: Britain, France and the struggle that shaped the Middle East","James Barr"
"A Time for Trumpets: The Untold Story of the Battle of the Bulge","Charles B. MacDonald"
"Sweet Home","Carys Bray"
"The Making of Zombie Wars","Aleksandar Hemon"
"In the Heart of the Heart of the Country: And Other Stories (NYRB Classics)","William H. Gass"
"Chink: A biography","Lavinia Greacen"
"The Greatest Day in History: How the Great War Really Ended","Nicholas Best"
"The Collapse of the Third Republic: An Inquiry into the Fall of France in 1940","William L. Shirer"
"World History in Minutes: 200 Key Concepts Explained in an Instant","Dorothy Ail, Tat Wood"
"Incognito: The Secret Lives of The Brain (Canons)","David Eagleman"
"Letters to Tiptree","Alexandra Pierce, Alexandra Pierce, Alisa Krasnostein"
"Besieged in Peking: The Story Of The 1900 Boxer Rising","Diana Preston"
"Toward the Setting Sun: Columbus, Cabot, Vespucci, and the Race for America","David Boyle"
"The Great War Generals on the Western Front, 1914-1918","Robin Neillands"
"The Silver Pigs: (Marco Didius Falco: book I): the first novel in the bestselling historical detective series, exposing the criminal underbelly of ancient Rome","Lindsey Davis"
"The Gettysburg Campaign: The History and Legacy of the Civil War’s Most Famous Campaign","Charles River Editors"
"Battleship","Peter Padfield"
"War Beneath The Sea","Peter Padfield"
"Going Commando","TIME MARK"
"Friday Night Lights: A Town, a Team, and a Dream","H G Bissinger"
"The Diamond Brothers in The Falcon's Malteser","Anthony Horowitz"
"The London Scene: Six Essays on London Life","Virginia Woolf"
"The Heart Goes Last","Margaret Atwood"
"Pirate Hunters: Treasure, Obsession and the Search for a Legendary Pirate Ship","Robert Kurson"
"Rebellious Spirits: The Illicit History of Booze in Britain","Ruth Ball"
"Losing It: How We Popped Our Cherry Over the Last 80 Years","Kate Monro"
"Love, Sex, Death and Words: Surprising Tales From a Year in Literature","Jon Sutherland, Stephen Fender"
"Word Drops: A Sprinkling of Linguistic Curiosities","Paul Anthony Jones"
"Prisoners of Geography: FULLY UPDATED NEW EDITION OF THE #1 SUNDAY TIMES BESTSELLER (Tim Marshall on Geopolitics)","Tim Marshall"
"Killing Pablo: The True Story Behind the Hit Series 'Narcos'","Mark Bowden"
"Orwell in Spain (Penguin Modern Classics)","George Orwell, Peter Davidson"
"The Story of the Stone (Volume I): The Golden Days, Chapters 1-26","Cao Xueqin, Gao Gao E"
"Selected Poems (Penguin Classics S.)","Rumi"
"I Ching: The Essential Translation of the Ancient Chinese Oracle and Book of Wisdom (Penguin Classics Deluxe Edition)","John Minford"
"Behind the Candelabra: My Life With Liberace","Scott Thorson"
"Invitation To The Dance: A Handbook to Anthony Powell's A Dance to the Music of Time","Hilary Spurling"
"Winter Men","Jesper Bugge Kold"
"The Rise of Nazi Germany: The History of the Events that Brought Adolf Hitler to Power","Charles River Editors"
"Life in the English Country Cottage","Adrian Tinniswood"
"Life in Ancient Rome","Lionel Casson"
"I Am Because You Are: An anthology of stories celebrating the centenary of the General Theory of Relativity","Pippa Goldschmidt"
"The Dream of My Return","Horacio Castellanos Moya"
"A Cup of Rage (Penguin Modern Classics)","Raduan Nassar"
"The Falling Sky","Pippa Goldschmidt"
"The Need for Better Regulation of Outer Space","Pippa Goldschmidt"
"The Movie Book: Big Ideas Simply Explained","DK"
"Visions of the Future","Hugh Howey, Greg Bear, David Brin, Joe Haldeman, Douglas E. Richards, Robert Sawyer, Kevin J. Anderson, Ray Kurzweil, Martin Rees, J. Daniel Batt"
"Writing in General and the Short Story in Particular","Rust Hills"
"Meeting Infinity (The Infinity Project Book 4)","John Barnes, Bruce Sterling, Kameron Hurley, Yoon Ha Lee, Gwyneth Jones, Jonathan Strahan"
"Our Accelerating Future: How Superintelligence, Nanotechnology, and Transhumanism Will Transform the Planet","Michael M. Anissimov"
"When Computers Can Think: The Artificial Intelligence Singularity","Anthony Berglas, Michelle Estes"
"The Oddfits","Tiffany Tsao"
"The Epigenetics Revolution: How Modern Biology is Rewriting our Understanding of Genetics, Disease and Inheritance","Nessa Carey"
"The Dark Forest (The Three-Body Problem Book 2)","Cixin Liu"
"Eat Like a Londoner: An Insider's Guide to Dining Out (London Guides)","Tania Ballantine"
"Seeing Further: The Story of Science and the Royal Society","Bill Bryson, Bill Bryson"
"The Virgin Queen: A Personal History of Elizabeth I","Christopher Hibbert"
"Half a King: The Sunday Times bestselling epic fantasy novel (Shattered Sea Book 1)","Joe Abercrombie"
"1606: William Shakespeare and the Year of Lear","James Shapiro"
"The Apollo Program: The History and Legacy of America’s Most Famous Space Missions","Charles River Editors"
"The Man Behind Narnia (Kindle Single)","A.N. Wilson"
"The Mighty Dead: Why Homer Matters","Adam Nicolson"
"James Bond: My Long and Eventful Search for His Father (Kindle Single)","Len Deighton"
"Colossus: Bletchley Park's Last Secret","Paul Gannon"
"The New Black Lace Book of Women's Sexual Fantasies (Black Lace Book Of Women Sexual Fantasies 2)","Mitzi Szereto"
"Forbidden Flowers: More Women's Sexual Fantasies","Nancy Friday"
"What If?: Serious Scientific Answers to Absurd Hypothetical Questions","Randall Munroe"
"The Plantagenets: The Kings Who Made England","Dan Jones"
"The Hollow Crown: The Wars of the Roses and the Rise of the Tudors","Dan Jones"
"Killers of the King: The Men Who Dared to Execute Charles I","Charles Spencer"
"How to Sound Cultured: Master The 250 Names That Intellectuals Love To Drop Into Conversation","Hubert Van Den Bergh, Thomas W. Hodgkinson"
"Columbine","Dave Cullen"
"Journeyman: One Man's Odyssey Through the Lower Leagues of English Football","Ben Smith"
"The Watchmaker of Filigree Street: A bewitching tale of historical fantasy, magic, love and a clockwork octopus","Natasha Pulley"
"Human Universe: A Sunday Times Bestseller of Popular Science, Astronomy, and the Cosmos","Professor Brian Cox, Andrew Cohen"
"Scherzo: Murder and Mystery in 18th Century Venice","Jim Williams"
"God Is Not Great","Christopher Hitchens"
"An Elementary Introduction to the Wolfram Language","Stephen Wolfram"
"Prince Rupert: The Last Cavalier","Charles Spencer"
"Austerity Ecology &amp; the Collapse-Porn Addicts: A Defence Of Growth, Progress, Industry And Stuff","Leigh Phillips"
"Victory 1918: The definitive history of the end of the Great War","Alan Palmer"
"Dead Girl Walking (Jack Parlabane)","Chris Brookmyre"
"The James Bond Bedside Companion","Raymond Benson"
"Reflections on Mad Men, Season One (Don't Look in the Mirror series)","John G Doherty"
"Celebrating Mad Men: Your Unofficial Guide to What Makes the Show and Its Characters Tick","Eric San Juan"
"The Utopia Experiment","Dylan Evans"
"King Arthur","Christopher Hibbert"
"The Mouse That Roared (The Grand Fenwick Series Book 1)","Leonard Wibberley"
"Jerusalem: The Biography – A History of the Middle East","Simon Sebag Montefiore"
"Politics from A to Z","Richard Ganis"
"Liberty Against the Law","Christopher Hill"
"The Sherlock Holmes Book: Big Ideas Simply Explained (DK Big Ideas)","DK, David Stuart Davies, Barry Forshaw"
"Next World Novella","Matthias Politycki"
"The Murder of Halland","Pia Juul"
"The King of Taksim Square","Emrah Serbes"
"Journey by Moonlight","Antal Szerb"
"Ada's Algorithm: How Lord Byron's Daughter Ada Lovelace Launched the Digital Age through the Poetry of Numbers","James Essinger"
"White Ravens (New Stories from the Mabinogion Book 1)","Owen Sheers"
"Boyd: The Fighter Pilot Who Changed the Art of War","Robert Coram"
"The Brethren: Fortunes of France 1: Fortunes of France: Volume 1","Robert Merle"
"The Start of World War II: The History of the Events that Culminated with Nazi Germany’s Invasion of Poland","Charles River Editors"
"Fistful of Digits","Christopher Hodder-Williams"
"Sleeping Embers of an Ordinary Mind","Anne Charnock"
"The British Army on the Western Front 1916 (Battle Orders Book 29)","Bruce Gudmundsson"
"Loos 1915: The Unwanted Battle","Major Gordon Corrigan"
"Dublinesque","Enrique Vila-Matas"
"The Beginning of the End","Ian Parkinson"
"Pure: From the Booker shortlisted author of The Land in Winter","Andrew Miller"
"The Loney: 'The Book of the Year 2016'","Andrew Michael Hurley"
"Future Visions: Original Science Fiction Inspired by Microsoft","David Brin, Nancy Kress, Ann Leckie"
"Plotting and Writing Suspense Fiction","Patricia Highsmith"
"A History of Television in 100 Programmes: From the Golden Age of the Box to the Rise of Netflix and YouTube","Phil Norman"
"Best British Short Stories 2015","Nicholas Royle"
"The End of the World: Stories of the Apocalypse","Neil Gaiman, George R. R. Martin, Lucius Shepard, Robert Sheckley, Norman Spinrad, Arthur C. Clarke, Lester del Rey, Robert Silverberg, Martin H. Greenberg"
"Miss Phryne Fisher Investigates (Phryne Fisher's Murder Mysteries Book 1)","Kerry Greenwood"
"Robert Graves: Life on the Edge","Miranda Seymour"
"Marginal Notes, Doubtful Statements: Non-fiction, 1990-2013","Jonathan Coe"
"Loggerheads and Other Stories","Jonathan Coe"
"The Nine Tailors: a cosy murder mystery for fans of Poirot (Lord Peter Wimsey Series Book 11)","Dorothy L. Sayers"
"Slade House: The chilling and bewitching novel by the acclaimed author of CLOUD ATLAS","David Mitchell"
"Nineteen Weeks: America, Britain, and the Fateful Summer of 1940","Norman Moss"
"The Substance of Civilization: Materials and Human History from the Stone Age to the Age of Silicon","Stephen L. Sass"
"The Maximalist Novel: From Thomas Pynchon's Gravity's Rainbow to Roberto Bolano's 2666","Stefano Ercolino"
"TARDISbound: Navigating the Universes of Doctor Who","Piers D. Britton"
"Eunoia","Christian Bok"
"Luna: SUCCESSION meets THE EXPANSE in this story of family feuds and corporate greed from an SF master – perfect for fans of DUNE","Ian McDonald"
"Women on Top: How Real Life Has Changed Women's Sexual Fantasies","Nancy Friday"
"Crete: The Battle and the Resistance","Antony Beevor"
"A Manual for Cleaning Women: Selected Stories (Picador Collection)","Lucia Berlin"
"Blood Red Snow: The Memoirs of a German Soldier on the Eastern Front","Günter K.  Koschorrek"
"Double Cross: The True Story of The D-Day Spies","Ben Macintyre"
"Pandora's Star (Commonwealth Saga Book 1)","Peter F. Hamilton"
"Overlord: An Authoritative History of D-Day and the Battle for Normandy 1944","Max Hastings"
"A Very British Coup: The novel that foretold the rise of Corbyn","Chris Mullin"
"Gone to Sea in a Bucket (A Harry Gilmour Novel Book 1)","David Black"
"The Technological Singularity (MIT Press Essential Knowledge series)","Murray Shanahan"
"Bound to You: Falling in love is a dangerous game...","Nichi Hodgson"
"Surviving AI: The promise and peril of artificial intelligence","Calum Chace"
"Rivers of London: Book 1 in the #1 bestselling Rivers of London series (A Rivers of London novel)","Ben Aaronovitch"
"The Science Book: Big Ideas Simply Explained (DK Big Ideas)","Dan Green"
"TARDIS Eruditorum - An Unofficial Critical History of Doctor Who Volume 6: Peter Davison and Colin Baker","Elizabeth Sandifer"
"Talk (New York Review Books Classics)","Linda Rosenkrantz"
"Battle of Britain Day","Alfred Price"
"The Iron Road: The Illustrated History of Railways","Christian Wolmar"
"Complete Works and Other Stories (TEXAS PAN AMERICAN)","Augusto Monterroso"
"Compass Points: Creating Meaningful Dialogue","Suzanne Ruthven"
"Python for Data Science For Dummies (For Dummies (Computer/Tech))","John Paul Mueller, Luca Massaron"
"The Color Purple: Now a major motion picture from Oprah Winfrey and Steven Spielberg","Alice Walker"
"Introducing Feminism: A Graphic Guide (Graphic Guides)","Cathia Jenainati"
"The Greatest Traitor: The Secret Lives of Agent George Blake","Roger Hermiston"
"Ray Bradbury Stories Volume 1: The Best of His Sci-Fi and Fantasy Short Fiction Anthology","Ray Bradbury"
"The Three-Body Problem","Cixin Liu"
"The Capital of Latecomers","Nina Nenova"
"Awkward Moments (Not Found In Your Average) Children's Bible - Vol. 2","Horus Gilgamesh"
"The End of the Beginning: Life, Society and Economy on the Brink of the Singularity","Ben Goertzel, Ted Goertzel"
"Awkward Moments (not found in your average) Children's Bible - Vol. 1","Horus Gilgamesh"
"Resistance Is Futile","Jenny T. Colgan"
"The Sociology Book: Big Ideas Simply Explained (DK Big Ideas)","DK Publishing, Sarah Tomley"
"The House of Rumour","Jake Arnott"
"Company Commander: The Classic Infantry Memoir of WWII","Charles B. MacDonald"
"Escape From Germany","Aidan Crawley"
"Doctor Who: The Blood Cell (12th Doctor novel)","James Goss"
"Angel Station","Walter Jon Williams"
"The Conquest of the Ocean","Brian Lavery"
"Young Babylon","Lu Nei"
"New American Stories","Ben Marcus"
"Pelquin's Comet (The Dark Angels Book 1)","Ian Whates"
"The Wars of the Roses: Peace and Conflict in 15th Century England","John Gillingham"
"How To Make British Indian Restaurant (BIR) Style Meals","Dan Toombs"
"Shogun: Book One of the Asian Saga - The book that inspired the Emmy, Bafta and Golden Globe Award-winning TV show","James Clavell"
"The Shakespeare Book: Big Ideas Simply Explained (DK Big Ideas)","Dorling Kindersley"
"A Better Way to Die: The Collected Short Stories","Paul Cornell"
"The Versions of Us: The Number One bestseller","Laura Barnett"
"The Writing Life","Annie Dillard"
"Sum: Tales from the Afterlives","David Eagleman"
"Dusted: The Unauthorized Guide to Buffy the Vampire Slayer","Lawrence Miles, Lars Pearson, Christa Dickson"
"Ayoade on Ayoade: A Cinematic Odyssey","Richard Ayoade"
"The Collected Stories of Lydia Davis","Lydia Davis"
"Space Helmet for a Cow: The Mad, True Story of Doctor Who (1963-1989)","Paul Kirkley, Lars Pearson"
"Writing for Love: How to Write a Novel in Eleven Easy Steps","Chrissie Manby"
"Imaginary Cities","Darran Anderson"
"The President's Hat","Antoine Laurain"
"Zealot: The Life and Times of Jesus of Nazareth","Reza Aslan"
"The Mathematics of Love: Patterns, Proofs, and the Search for the Ultimate Equation (TED)","Hannah Fry"
"Metrophage: The Cult Classic Cyberpunk Thriller of Plague and Survival in Los Angeles","Richard Kadrey"
"Raven Black: The First Novel to Feature Detective Jimmy Perez in Ann Cleeves' Bestselling Shetland Series","Ann Cleeves"
"Gould's Book of Fish","Richard Flanagan"
"The Religions Book: Big Ideas Simply Explained (DK Big Ideas)","DK"
"The Philosophy Book: Big Ideas Simply Explained (DK Big Ideas)","Will Buckingham, Peter J. King, Douglas Burnham, Marcus Weeks, Clive Hill, John Marenbon, DK, Sarah Tomley"
"Proxima","Stephen Baxter"
"The Ocean at the End of the Lane","Neil Gaiman"
"The Soldier: A History of Courage, Sacrifice and Brotherhood","Darren Moore"
"Going Nowhere: A Life in Six Videogames (Kindle Single)","Sam Leith"
"London 1945: Life in the Debris of War","Maureen Waller"
"Thirst","Andrei Gelasimov"
"Narrowboat Dreams: A Journey North by England's Waterways","Steve Haywood"
"Ball Four (RosettaBooks Sports Classics)","Jim Bouton"
"Pegasus Bridge-Benouville D-Day 1944: Bénouville D-Day 1944 (Raid Book 11)","Will Fowler"
"A Spy Among Friends: Now a major ITV series starring Damian Lewis and Guy Pearce","Ben Macintyre"
"Where the Iron Crosses Grow: The Crimea 1941–44 (General Military)","Robert Forczyk"
"The Battle for the Rhine 1944: Arnhem and the Ardennes, the Campaign in Europe","Robin Neillands"
"The Lemon Grove: The Paper Palace meets Notes on a Scandal in this bestselling summer sizzler","Helen Walsh"
"The Heart Broke In","James Meek"
"I Love Curry","Anjum Anand"
"Space Captain Smith","Toby Frost"
"Sister Noon","Karen Joy Fowler"
"Expo 58: A brilliant and funny spy novel set at the 1958 World Fair from the award-winning author of Middle England","Jonathan Coe"
"Business Adventures: Twelve Classic Tales from the World of Wall Street: The New York Times bestseller Bill Gates calls 'the best business book I've ever read'","John Brooks"
"Engel's England: Thirty-nine counties, one capital and one man","Matthew Engel"
"Fear and Loathing in Las Vegas: The captivating memoir of countercultural journalism and social commentary (Harper Perennial Modern Classics)","Hunter S. Thompson"
"The God of Small Things: Winner of the Booker Prize","Arundhati Roy"
"How Not to Be Wrong: The Hidden Maths of Everyday Life","Jordan Ellenberg"
"A Short History of England: Simon Jenkins","Simon Jenkins"
"The Year of Reading Dangerously: How Fifty Great Books Saved My Life","Andy Miller"
"In the Light of What We Know","Zia Haider Rahman"
"This We'll Defend: The Weapons &amp; Equipment of the U.S. Army","Russell Phillips"
"London Villages: Explore the City's Best Local Neighbourhoods (London Guides)","Zena Alkayat"
"Station Eleven: a post-apocalyptic tale of survival and hope, now an HBO Max series (Picador Collection)","Emily St. John Mandel"
"Ways to Die in Glasgow (A Sam Ireland Mystery Book 1)","Jay Stringer"
"The Renaissance","J. H. Plumb"
"We Are The Cops: The real lives of America's police","Michael Matthews"
"A Tale for the Time Being (Canons)","Ruth Ozeki"
"Creative Writing For Dummies UK","Maggie Hamand"
"Anatomy and Physiology For Dummies®","Donna Rae Siegfried, Maggie Norris"
"Economics For Dummies, UK Edition","Sean Masaki Flynn, Peter Antonioni"
"Crashing Heaven: The Station Series Book 1","Al Robertson"
"Glorious Angels","Justina Robson"
"Exiled from Almost Everywhere (Spanish Literature Series)","Peter Bush Juan Goytisolo"
"Thus Were Their Faces: Selected Stories (NYRB Classics)","Silvina Ocampo"
"Letters to Zell","Camille Griep"
"Secrets of Creation: The Mystery of the Prime Numbers","Matthew Watkins"
"Total Conflict","Neal Asher, Dan Abnett, Lauren Beukes, Andy Remic, Tim C. Taylor, Ian Whates"
"One Million A.D.","Gardner Dozois"
"The Peripheral: Now a major new TV series with Amazon Prime","William Gibson"
"The Old Contemptibles: The British Expeditionary Force, 1914","Robin Neillands"
"Winston S. Churchill: Youth, 1874–1900 (Volume I) (Churchill Biography Book 1)","Randolph S. Churchill"
"Lost at Sea: The Jon Ronson Mysteries","Jon Ronson"
"Mumbo Jumbo: A Novel","Ishmael Reed"
"Why Are We The Good Guys?: Reclaiming Your Mind From The Delusions Of Propaganda","David Cromwell"
"Stone Mattress: Nine Tales","Margaret Atwood"
"The Panopticon: The dazzling debut from the Gordon Burn Prize-winning author","Dr Jenni Fagan"
"Companion Piece: Women Celebrate the Aliens, Humans and Tin Dogs of Doctor Who","Nina Allan, Seanan McGuire, Karen Miller, Caroline Spector, Lynne Thomas, Joan Francis Turner, Mary Robinette Kowal, Tehani Wessely, L.M. Myles, Liz Barr"
"Doctor Who: Human Nature: The History Collection","Paul Cornell"
"I Love You but I'm Not in Love with You: Seven Steps to Saving Your Relationship","Andrew G. Marshall"
"Old Venus","George R.R. Martin, Gardner Dozois, George R.R Martin, Gardner Dozois"
"Brief Interviews With Hideous Men","David Foster Wallace"
"Space Opera","Kage Baker, Elizabeth Bear, Jay Lake, Robert Reed, Rich Horton"
"The Sky's Dark Labyrinth: The Sky's Dark Labyrinth Book I (The Sky's Dark Labyrinth Trilogy 1)","Stuart Clark"
"How To Stress Less: Simple ways to stop worrying and take control of your future","Benjamin Bonetti"
"The Nature of Technology: What It Is and How It Evolves","W. Brian Arthur"
"Sort Your Brain Out: Boost Your Performance, Manage Stress and Achieve More","Jack Lewis, Adrian Webster"
"Redeployment (Canons)","Phil Klay"
"Let the Great World Spin: From the New York Times-bestselling, National Book Award-winning, Booker Prize-longlisted author of Apeirogon and Let the Great World Spin","Colum McCann"
"The Business Book: Big Ideas Simply Explained","Dorling Kindersley"
"The Psychology Book: Big Ideas Simply Explained (DK Big Ideas)","DK, Catherine Collin, Joannah Ginsburg, Voula Grand, Merrin Lazyan, Marcus Weeks, Sarah Tomley"
"The Economics Book: Big Ideas Simply Explained","Niall Kishtainy, Niall Kishtainy"
"The Politics Book: Big Ideas Simply Explained (DK Big Ideas)","DK Publishing"
"Operation Mincemeat: The True Spy Story that Changed the Course of World War II","Ben Macintyre"
"Why are Animals Funny?: Everyday Analysis","EDA Collective"
"Minecraft For Dummies","Jacob Cordeiro"
"Extinction Game: The Apocalypse Duology: Book One","Gary Gibson"
"Shakespeare on Toast: Getting a Taste for the Bard","Ben Crystal"
"Nicholas and Alexandra: The Tragic, Compelling Story of the Last Tsar and his Family (Great Lives)","Robert K. Massie"
"True Detection","Gary Shipley, Edia Connole, Nicola Masciandaro, Fintan Neylan, Paul Ennis, Ben Woodard, Niall McCann, Daniel Fitzpatrick, Scott Wilson, Erin Stapleton"
"Wanting to Believe: A Critical Guide to The X-Files, Millennium and The Lone Gunmen","Robert Shearman, Lars Pearson"
"Serial Agencies: The Wire and Its Readers","Frank Kelleter"
"That Option No Longer Exists: Britain 1974-76","John Medhurst"
"The Fat of Fed Beasts","Guy Ware"
"No Speed Limit: Three Essays on Accelerationism (Forerunners: Ideas First)","Steven Shaviro"
"Moral Tribes: Emotion, Reason and the Gap Between Us and Them","Joshua Greene"
"Her Smoke Rose Up Forever (S.F. MASTERWORKS Book 117)","James Tiptree Jr."
"Fire &amp; Chasm","Chelsea M. Campbell"
"Veni, Vidi, Vici: Everything you ever wanted to know about the Romans but were afraid to ask (Classic Civilisations Book 1)","Peter Jones"
"Eureka!: Everything You Ever Wanted to Know About the Ancient Greeks But Were Afraid to Ask (Classic Civilisations Book 2)","Peter Jones"
"A Practical Guide to Well-being: Live Well &amp; Stress-Free (Practical Guide Series)","Patricia Furness-Smith"
"The City &amp; The City","China Miéville"
"Old Man's War: Military Science Fiction Adventure","John Scalzi"
"The Reality Dysfunction (Nights Dawn Book 1)","Peter F. Hamilton"
"Nomad Codes: Adventures in Modern Esoterica","Erik Davis, Susan Willmarth"
"Ghosts of My Life: Writings on Depression, Hauntology and Lost Futures","Mark Fisher"
"Malign Velocities: Accelerationism and Capitalism","Benjamin Noys"
"TechGnosis: Myth, Magic, and Mysticism in the Age of Information","Erik Davis"
"The Guest Cat","Takashi Hiraide"
"The Wages of Destruction: The Making and Breaking of the Nazi Economy","Adam Tooze"
"The Deluge: The Great War and the Remaking of Global Order 1916-1931","Adam Tooze"
"The Story of Film","Mark Cousins"
"Pretty Monsters","Kelly Link"
"The Little Book of Thunks: 260 Questions to make your brain go ouch! (The Little Books)","Ian Gilbert"
"The History of the World in Bite-Sized Chunks","Emma Marriott"
"Fire and Steam: A New History of the Railways in Britain","Christian Wolmar"
"No One Belongs Here More Than You: Stories (Canons)","Miranda July"
"Lingo: A Language Spotter's Guide to Europe","Gaston Dorren, Jonathan Buckley"
"The Living Mountain: A Celebration of the Cairngorm Mountains of Scotland (The Grampian Quartet Book 4)","Nan Shepherd"
"Invisible Ink: How 100 Great Authors Disappeared","Christopher Fowler"
"Rationality: From AI to Zombies","Eliezer Yudkowsky"
"Helen of Sparta","Amalia Carosella"
"The Gemini Effect","Chuck Grossart"
"The Luminous Heart of Jonah S.","Gina B. Nahai"
"The Imperial Japanese Navy in the Pacific War (General Military)","Mark Stille"
"Nexus (The Nexus Trilogy Book 1)","Ramez Naam"
"Out of Sheer Rage: In the Shadow of D. H. Lawrence","Geoff Dyer"
"Why There Is No God: Simple Responses to 20 Common Arguments for the Existence of God","Armin Navabi, Nicki Hise"
"God's Not Real: A Collection of Quotations for the Atheist","Andrew J. Rausch"
"To the Letter: A Curious History of Correspondence","Simon Garfield"
"The Age of Earthquakes: A Guide to the Extreme Present","Shumon Basar, Douglas Coupland, Hans Ulrich Obrist"
"Fast Forward: The Technologies and Companies Shaping Our Future","Jim Mellon, Al Chalabi"
"Why Do Buses Come in Threes?: An Entertaining Guide to Solving the Mathematical Puzzles of Real Life","Rob Eastaway"
"The Longbow (Weapon Book 30)","Mike Loades"
"Story of a New Name: A Novel (Neapolitan Novels, 2)","Elena Ferrante"
"The March of Folly: From Troy to Vietnam","Barbara Tuchman"
"Alif the Unseen: From the award-winning author of Ms Marvel","G. Willow Wilson"
"The Hundred and Ninety-Nine Steps: The Courage Consort","Michel Faber"
"Anno Dracula","Kim Newman"
"Something Coming Through","Paul McAuley"
"Rogues","George R. R. Martin, Gardner Dozois, George R. R. Martin, Gardner Dozois, Neil Gaiman"
"Empires of the Sea: The Final Battle for the Mediterranean, 1521-1580","Roger Crowley"
"The Magician's Book: A Skeptic's Adventures in Narnia","Laura Miller"
"A Man's Word (The King's Hounds)","Martin Jensen"
"The Most Dangerous Enemy: A History of the Battle of Britain","Stephen Bungay"
"Why The West Rules--For Now: The Patterns of History and what they reveal about the Future","Ian Morris"
"In the Hour of Victory: SHORTLISTED FOR THE MARITIME MEDIA AWARDS","Sam Willis"
"Behind the Beautiful Forevers: Life, Death and Hope in a Mumbai Slum","Katherine Boo BA"
"The Very Best of Charles de Lint","Charles de Lint"
"Siege Perilous (The Mongoliad Cycle Book 5)","E.D. deBirmingham"
"Selected Stories: Winner of the Nobel Prize in Literature (Vintage Classics)","Alice Munro"
"The Mongoliad (The Mongoliad Cycle Book 2)","Neal Stephenson, Erik Bear, Greg Bear, Joseph Brassey, Nicole Galland, Cooper Moo, Mark Teppo"
"The Mongoliad (The Mongoliad Cycle Book 3)","Neal Stephenson, Erik Bear, Greg Bear, Joseph Brassey, Nicole Galland, Cooper Moo, Mark Teppo"
"Katabasis (The Mongoliad Cycle Book 4)","Joseph Brassey, Cooper Moo, Mark Teppo, Angus Trim"
"The New Annotated H. P. Lovecraft (The Annotated Books)","H.P. Lovecraft, Leslie S. Klinger"
"Guantánamo Diary (Canons)","Mohamedou Ould Slahi, Larry Siems"
"Beta-Life: Short Stories from an A-Life Future (Science-Into-Fiction)","Adam Roberts, Frank Cottrell-Boyce, Joanna Quinn, Adam Marek, Lucy Caldwell, Julian Gough, Robin Yassin-Kassab, Toby Litt"
"GCHQ: A Ground-Breaking Non-Fiction History of Bletchley Park and Cold War Espionage","Richard Aldrich"
"Turing: Pioneer of the Information Age","B. Jack Copeland"
"Global Frequency","WARREN ELLIS"
"Transmetropolitan Vol. 1: Back On the Street","Warren Ellis"
"The Literary Mind and the Carving of Dragons","Liu Hsieh, Vincent Yu-chung Shih"
"A London Year: 365 Days of City Life in Diaries, Journals and Letters","Travis Elborough, Travis Elborough, Nick Rennison"
"Stuff Matters: The Strange Stories of the Marvellous Materials that Shape Our Man-made World","Prof. Mark Miodownik"
"Investing For Dummies","Eric Tyson"
"The Book of Thunks: is not going fishing a hobby and other possibly impossible questions to stretch your brain and annoy your friends","Ian Gilbert"
"Whole: Rethinking the Science of Nutrition","T. Colin Campbell, Howard Jacobson"
"Quiet: The Power of Introverts in a World That Can't Stop Talking","Susan Cain"
"Social Psychology For Dummies","Daniel Richardson"
"Running Made Easy: A Simple Beginner's Guide to Marathon Training and Fitness","Lisa Jackson, Susie Whalley"
"The Lessons","Naomi Alderman"
"In the Orchard, the Swallows","Peter Hobbs"
"Heart Collector","Jacques Vandroux"
"Miramont's Ghost","Elizabeth Hall"
"In 100 Years: Leading Economists Predict the Future (The MIT Press)","Ignacio Palacios-Huerta"
"Acts and Omissions (Lindchester Chronicles Book 1)","Catherine Fox"
"Adventures In Raspberry Pi (Adventures In ...)","Carrie Anne Philbin"
"I, Who 3: The Unauthorized Guide to Doctor Who Novels and Audios","Lars Pearson"
"I, Who 2: The Unauthorized Guide to the Doctor Who Novels and Audios","Lars Pearson"
"I, Who: The Unauthorized Guide to Doctor Who Novels","Lars Pearson"
"Stardust","Neil Gaiman"
"Zero to One: Notes on Start Ups, or How to Build the Future","Blake Masters, Peter Thiel"
"The Creative Destruction of Medicine: How the Digital Revolution Will Create Better Health Care","Eric Topol"
"Fusiliers","Mark Urban"
"Big Boys' Rules: The SAS and the Secret Struggle Against the IRA","Mark Urban"
"Hide Me Among the Graves","Tim Powers"
"Collins Good Grammar: A Comprehensive English Language Guide to Better Writing","Graham King"
"The Romantic Economist: A Story of Love and Market Forces","Will Nicolson, WILLIAM NICOLSON"
"A History of the World in Numbers","Emma Marriott"
"Extreme Bricks: Spectacular, Record-Breaking and Astounding LEGO Projects from Around the World","Sarah Herman"
"The Blue Fox","Sjon"
"SAS Ultimate Guide to Combat: How to Fight and Survive in Modern Warfare","Robert Stirling"
"London Night and Day, 1951: A Guide to Where the Other Books DonÕt Take You (Old House)","Old House Books"
"A Practical Guide to CBT: From Stress to Strength (Practical Guide Series)","Clair Pollard, Elaine Foreman, Elaine Iljon Foreman"
"30-Second Politics: The 50 most thought-provoking ideas in politics, each explained in half a minute","Steven L. Taylor, Steven L. Taylor"
"30-Second Economics: The 50 Most Thought-Provoking Economic Theories, Each Explained in Half a Minute","Donald Marron"
"Introducing Melanie Klein: A Graphic Guide (Graphic Guides)","R. D. Hinshelwood, Susan Robinson"
"Introducing Fractals: A Graphic Guide (Introducing...)","Nigel Lesmoir-Gordon, Will Rood, Ralph Edney"
"Roman Soldier vs Germanic Warrior: 1st Century AD (Combat Book 6)","Lindsay Powell"
"British Infantryman vs German Infantryman: Somme 1916 (Combat Book 5)","Stephen Bull"
"A Practical Guide to Positive Psychology: Achieve Lasting Happiness (Practical Guide Series)","Bridget Grenville-Cleave"
"News from Gardenia: A world where we've finally got things right (News From... Book 1)","Robert Llewellyn"
"The World of Yesterday: Memoirs of a European","Stefan Zweig"
"Introducing Logic: A Graphic Guide (Graphic Guides)","Bill Mayblin, Dan Cryan, Sharron Shatil"
"The Art of Always Being Right: The 38 Subtle Ways of Persuation","A. C. Grayling"
"Deceived Wisdom: Why What You Thought Was Right Is Wrong","David Bradley"
"Humans: An A-Z","Matt Haig"
"The Invisible Library (The Invisible Library series Book 1)","Genevieve Cogman"
"Rebooting Democracy: A Citizen’s Guide to Reinventing Politics","Manuel Arriaga"
"Inspector Montalbano: The First Three Novels in the Series","Andrea Camilleri"
"The Brief Wondrous Life of Oscar Wao","Junot Diaz"
"A Short History of China: From Ancient Dynasties to Economic Powerhouse","Gordon Kerr"
"Commander: The Life and Exploits of Britain's Greatest Frigate Captain","Stephen Taylor"
"The 33 Strategies Of War (The Modern Machiavellian Robert Greene Book 1)","Robert Greene"
"The Challenge: Britain Against America in the Naval War of 1812","Andrew Lambert"
"The Nazi Occult (Dark Osprey Book 1)","Kenneth Hite"
"Complete New Tales of Para Handy (Para Handy Trilogy)","Stuart Donald"
"Supercrash: How to Hijack the Global Economy","Darryl Cunningham"
"A History of 20th Century Britain","Andrew Marr"
"July 1914: Countdown to War","Sean McMeekin"
"Blackwater: The Rise of the World's Most Powerful Mercenary Army","Jeremy Scahill"
"The Para Fitness Guide (General Military)","Sam Mcgrath"
"Stanley: Africa's Greatest Explorer","Tim Jeal"
"The D-Day Companion: Leading Historians explore history's greatest amphibious assault","13 world-leading historians, Jane Penrose"
"London Urban Legends: The Corpse on the Tube and Other Stories","Scott Wood"
"How to Speak Money","John Lanchester"
"1,339 QI Facts To Make Your Jaw Drop","John Lloyd, John Mitchinson, James Harkin"
"1,227 QI Facts To Blow Your Socks Off","John Lloyd, John Mitchinson, James Harkin"
"The Alexandria Quartet: Justine, Balthazar, Mountolive, Clea","Lawrence Durrell"
"Master and Commander: A definitive one-off edition of the first book in the series (Aubrey &amp; Maturin series 1)","Patrick O’Brian"
"1,411 QI Facts To Knock You Sideways","John Lloyd, John Mitchinson, James Harkin"
"@War","Shane Harris"
"Thinking, Fast and Slow","Daniel Kahneman"
"Slow River (S.F. MASTERWORKS Book 84)","Nicola Griffith"
"Three Days to Never","Tim Powers"
"Love at Absolute Zero","Christopher Meeks"
"My Brilliant Friend: A Novel (Neapolitan Novels, 1)","Elena Ferrante"
"Europe In Autumn (The Fractured Europe Sequence Book 1)","Dave Hutchinson"
"Why 1914?: The Causes of the Great War","Derek Robinson"
"After Tranquility","Orion's Arm Project"
"Red Christmas – The Tatsinskaya Airfield Raid 1942","Robert Forczyk"
"Knowledge is Beautiful: A Fascinating Non-Fiction Guide to Visualizing Complex Data and Facts","David McCandless"
"Information is Beautiful: A Visual Blueprint of Modern Life Using Unique Illustrated Maps","David McCandless"
"The Book of Cthulhu 2","Ross Lockhart, Ross E. Lockhart"
"Empire of the Sun: Winner of the James Tait Black Memorial Prize","J. G. Ballard"
"Shakespeare: A Biography of the World’s Greatest Playwright in Elizabethan London","Bill Bryson"
"Generosity: SHORTLISTED FOR THE ARTHUR C. CLARKE AWARD 2010","Richard Powers"
"The Stress of Her Regard","Tim Powers"
"Naples '44: An intelligence officer in the Italian labyrinth","Norman Lewis"
"The Departure (Owner Trilogy Book 1)","Neal Asher"
"Steampunk Soldiers: Uniforms &amp; Weapons from the Age of Steam (Dark)","Philip Smith, Joe McCullough, Mark Stacey"
"Gridlinked: The thrilling first instalment of the epic Agent Cormac science fiction series","Neal Asher"
"Speedboat (NYRB Classics)","Renata Adler"
"What Color Is Your Parachute? 2015: A Practical Manual for Job-Hunters and Career-Changers","Richard N. Bolles"
"Happiness by Design: Finding Pleasure and Purpose in Everyday Life","Paul Dolan"
"High-Rise","J. G. Ballard"
"Ticker","Lisa Mantchev"
"Black Hole Focus: How Intelligent People Can Create a Powerful Purpose for Their Lives","Isaiah Hankel"
"The Dark Net","Jamie Bartlett"
"English Grammar For Dummies","Geraldine Woods"
"A History of Modern Britain","Andrew Marr"
"Annihilation: The thrilling book behind the most anticipated film of 2018 (Southern Reach 1)","Jeff VanderMeer"
"Flashman: The classic espionage adventure novel (The Flashman Papers Book 1)","George MacDonald Fraser"
"Mindfulness For Dummies","Shamash Alidina"
"Hot Head","Simon Ings"
"City of the Iron Fish","Ings Simon"
"Peter the Great: The compelling story of the man who created modern Russia, founded St Petersburg and made his country part of Europe (Great Lives)","Robert K. Massie"
"The Transhumanist Wager","Zoltan Istvan"
"TARDIS Eruditorum: An Unofficial Critical History of Doctor Who Volume 5: Tom Baker and the Williams Years","Elizabeth Sandifer"
"Love, Poverty and War: Journeys and Essays","Christopher Hitchens"
"The Death of Bunny Munro (Canons)","Nick Cave"
"What Do Women Want?: Adventures in the Science of Female Desire","Daniel Bergner"
"Location is (Still) Everything: The Surprising Influence of the Real World on How We Search, Shop, and Sell in the Virtual One","David R. Bell"
"Raspberry Pi For Dummies","Sean McManus, Mike Cook"
"Resource Revolution: How to Capture the Biggest Business Opportunity in a Century","Stefan Heck, Matt Rogers, Paul Carroll"
"Introducing Particle Physics: A Graphic Guide (Graphic Guides Book 0)","Tom Whyntie"
"Sapiens: A Brief History of Humankind: The multi-million copy bestseller","Yuval Noah Harari"
"The Quest for a Moral Compass: A Global History of Ethics","Kenan Malik"
"The Avram Davidson Treasury (Gateway Essentials Book 460)","Avram Davidson"
"Jupiter 40: Mneme (Jupiter SF Magazine)","Michael Sutherland, Lou van Zyl, Stanley Wilkin, Alfred Searls, Dean Giles, Rod Slatter, Ian Redman"
"Science Fiction Writers Sampler 2014","Brad R. Torgersen, Jeffrey Thomas, Martin L. Shoemaker, Stephen Gaskell, Kevin Ikenberry, M.O. Muriel, Mark Isles, Kary English, David Kernot, David Conyers, Gustavo Bondoni"
"The Frood: The Authorised and Very Official History of Douglas Adams &amp; The Hitchhiker’s Guide to the Galaxy","Jem Roberts"
"The Prince and the Singularity - A Circular Tale","Pedro Barrento, Lynn Curtis"
"Year Zero: A History of 1945","Ian Buruma"
"Who Do You Want To Be?: How to embrace change and live your dream","Nicola Bunting"
"Forgotten Victory: The First World War: Myths and Realities","Gary Sheffield"
"Mr Penumbra's 24-hour Bookstore","Robin Sloan"
"From the Indie Side","Michael Bunker, Peter Cawdron, Kate Danley, Anne Frasier, Sara Foster, Jason Gurley, Mel Hearse, Kev Heritage, Hugh Howey, Ernie Lindsey, Susan May, Brian Spangler, David Gatewood"
"Catherine the Great: Portrait of a Woman (Great Lives)","Robert K. Massie"
"White Noise (Picador 40th Anniversary Edition) (Picador 40th Anniversary Editn)","Don DeLillo"
"The Proactionary Imperative: A Foundation for Transhumanism","S. Fuller, V. Lipinska"
"Oceanic","Greg Egan"
"Metropolitan (Metropolitan Series)","Walter Jon Williams"
"Get that Job in 7 simple steps: A Practical Guide to Kickstart Your Career and Ace the Interview","Peter Storr"
"Smartphones and beyond: Lessons from the remarkable rise and fall of Symbian","David Wood"
"HELP!: How to Become Slightly Happier and Get a Bit More Done","Oliver Burkeman"
"The Chimp Paradox: The Mind Management Programme to Help You Achieve Success, Confidence and Happiness – The Million-Copy Bestseller","Professor Steve Peters"
"The Dreaming Void: Epic Space Opera from a Sci-Fi Master (The Void Trilogy Book 1)","Peter F. Hamilton"
"Mountains of the Mind: A History Of A Fascination","Robert Macfarlane"
"A Practical Guide to Building Self-Esteem: Accept, Value and Empower Yourself (Practical Guide Series)","David Bonham-Carter"
"Introducing Chaos: A Graphic Guide (Graphic Guides)","Iwona Abrams, Ziauddin Sardar"
"Introducing Marxism: A Graphic Guide (Graphic Guides Book 0)","Rupert Woodfin"
"Introducing Continental Philosophy: A Graphic Guide (Introducing...)","Christopher Kul-Want, Piero"
"The Joy of X: A Guided Tour of Mathematics, from One to Infinity","Steven Strogatz"
"Scrabble Secrets (Collins Little Books)","Mark Nyman"
"Das Reich: The March of the 2nd SS Panzer Division Through France, June 1944 (Pan Military Classics)","Max Hastings"
"Foundation: The History of England Volume I","Peter Ackroyd"
"Invasion 1914: The Schlieffen Plan to the Battle of the Marne (General Military)","Ian Senior"
"A Universe From Nothing","Lawrence M. Krauss"
"How to Stay Sane (The School of Life Book 6)","Philippa Perry"
"The Bone Clocks: Winner of the World Fantasy Award and longlisted for the Booker Prize","David Mitchell"
"Stress Management For Dummies","Allen Elkin"
"Paradox: Stories Inspired by the Fermi Paradox","Mike Resnick, Pat Cadigan, Robert Reed, Paul Cornell, Paul di Filippo, Ian Whates"
"Doctor Who: Paradox Lost","George Mann"
"Doctor Who: Borrowed Time","Naomi A. Alderman"
"A Classless Society: Britain in the 1990s","Alwyn W. Turner"
"Anger Management For Dummies, UK Edition","Gill Bloxham, W. Doyle Gentry"
"Overcoming Anger and Irritability, 1st Edition: A Self-help Guide using Cognitive Behavioral Techniques (Overcoming Books)","William Davies"
"Trench: A History of Trench Warfare on the Western Front (General Military)","Stephen Bull"
"The Classic Doctor Who DVD Compendium: Every disc • Every episode • Every extra","Paul Smith"
"The Great Islamic Conquests AD 632–750 (Essential Histories series Book 71)","David Nicolle"
"Barca: A People's Passion","Jimmy Burns"
"This Secret Garden: Oxford Revisited (Writer and the City Series)","Justin Cartwright"
"For Your Eyes Only: Ian Fleming and James Bond","Ben Macintyre"
"The Last Word: Tales from the Tip of the Mother Tongue","Ben Macintyre"
"Payback: Debt and the Shadow Side of Wealth","Margaret Atwood"
"To The Last Round: The Epic British Stand on the Imjin River, Korea 1951","Andrew Salmon"
"Arc 2.2: Chromewash","Marek Kohn, Ned Beauman, Matthew De Abaitua, Brendan Byrne, Jane Rogers, Adam Rothstein, Joanna Kavenna, Tim Maughan, Simon Ings, Sumit Paul-Choudhury"
"The Best British Short Stories 2014","Nicholas Royle, Professor Nicholas Royle"
"The Kindly Ones: A chilling Second World War novel following an SS officer from the Eastern Front to the ruins of Berlin","Jonathan Littell"
"Orfeo: LONGLISTED FOR THE MAN BOOKER PRIZE 2014","Richard Powers"
"Delusions of Gender: The Real Science Behind Sex Differences","Cordelia Fine"
"The Road to Middlemarch: My Life with George Eliot","Rebecca Mead"
"The Radetzky March","Joseph Roth"
"The Nearly Complete Works of Donald Harington Volume 1","Donald Harington"
"The Wild Places","Robert Macfarlane"
"The Antidote: Happiness for People Who Can't Stand Positive Thinking","Oliver Burkeman"
"Dirty Wars: The world is a battlefield","Jeremy Scahill"
"Beware of Pity","Stefan Zweig"
"Superintelligence: Paths, Dangers, Strategies","Nick Bostrom"
"Introducing Philosophy: A Graphic Guide (Introducing...)","Dave Robinson, Judy Groves"
"Introducing Time: A Graphic Guide (Graphic Guides)","Craig Callender"
"Introducing Ethics: A Graphic Guide (Graphic Guides)","Chris Garratt, Dave Robinson"
"Introducing Genetics: A Graphic Guide (Graphic Guides)","Steve Jones"
"Introducing Linguistics: A Graphic Guide (Graphic Guides Book 0)","R. L. Trask"
"Introducing Relativity: A Graphic Guide (Graphic Guides)","Bruce Bassett, Ralph Edney"
"The Horologicon","Mark Forsyth"
"Lucky Planet: Why Earth is Exceptional – and What that Means for Life in the Universe","David Waltham"
"Parasite (Parasitology Series Book 1)","Mira Grant"
"Introducing Psychology: A Graphic Guide (Introducing...)","Nigel Benson"
"Introducing Economics: A Graphic Guide (Graphic Guides)","David Orrell"
"Introducing Slavoj Zizek: A Graphic Guide (Graphic Guides Book 0)","Christopher Kul-Want"
"Hess, Hitler and Churchill: The Real Turning Point of the Second World War - A Secret History","Peter Padfield"
"Introducing Capitalism: A Graphic Guide (Graphic Guides)","Dan Cryan, Sharron Shatil"
"Somme 1916: The Blasted Battle (Battle Story)","Andrew Robertshaw"
"Heroes, Villains and Fiends: A Companion for In Her Majesty's Name: A Companion for In Her Majesty’s Name (Osprey Wargames Book 2)","Craig Cartmell, Charles Murton"
"In Her Majesty’s Name: Steampunk Skirmish Wargaming Rules (Osprey Wargames Book 3)","Craig Cartmell"
"5 Days in May: The Coalition and Beyond","Andrew Adonis"
"The First World War in 100 Objects","Peter Doyle"
"Armageddon: The Battle for Germany 1944-45","Max Hastings"
"Introducing Critical Theory: A Graphic Guide (Graphic Guides Book 0)","Stuart Sim"
"Best British Horror 2014","Johnny Mains"
"Euro Noir: The Pocket Essential Guide to European Crime Fiction, Film &amp; TV (Pocket Essential series)","Barry Forshaw"
"Dark Eden: Winner of the Arthur C. Clarke Award 2013","Chris Beckett"
"We Are All Completely Beside Ourselves: Shortlisted for the Booker Prize","Karen Joy Fowler"
"In Plain Sight: The Life and Lies of Jimmy Savile","Dan Davies"
"Writing a Book in 30 Days: A 60-Minute Masterclass (60-Minute Masterclasses 5)","Karen Wiesner"
"Writing SFF: A 60-Minute Masterclass (60-Minute Masterclasses Book 3)","Liesel Schwarz"
"A Conspiracy of Alchemists: Chronicles of Light and Shadow (Chronicles of Light &amp; Shadow 1)","Liesel Schwarz"
"A Naked Singularity","Sergio De La Pava"
"Last Words from Montmartre (New York Review Books Classics)","Qiu Miaojin"
"Morphologies","Frank Cottrell Boyce"
"Read All About It: My Year Of Falling In Love With Literature","Paul Cuddihy"
"I Murdered My Library (Kindle Single)","Linda Grant"
"The Luminaries","Eleanor Catton"
"Cognitive Behavioural Therapy For Dummies","Rhena Branch, Rob Willson"
"Seventeen Contradictions and the End of Capitalism","David Harvey"
"Smile for the Camera: The Double Life of Cyril Smith","Simon Danczuk"
"The Cambridge Handbook of Artificial Intelligence","Keith Frankish, William M. Ramsey"
"Soccernomics: 2026 World Cup Edition – Why England Has Started to Win, Why Clubs Sign the Wrong Players and Why Billionaires Still Lose Money in Football","Simon Kuper, Stefan Szymanski"
"Offshore: A witty literary fiction debut exploring an eccentric riverside community","Penelope Fitzgerald"
"Challenge of Battle: the Real Story of the British Army in 1914 (General Military)","Adrian Gilbert"
"Neptune's Brood (Freyaverse Book 2)","Charles Stross"
"Ancillary Justice: THE HUGO, NEBULA AND ARTHUR C. CLARKE AWARD WINNER (Imperial Radch Book 1)","Ann Leckie"
"The Bombing War: Europe, 1939-1945","Richard Overy"
"Novel: Plan it. Write it. Sell it.","Lynne Barrett-Lee"
"Gulp","Mary Roach"
"A Girl is a Half-formed Thing","Eimear McBride"
"Nourishment","Gerard Woodward"
"Introducing Mindfulness: A Practical Guide (Enhanced Ebook) (Introducing...)","Tess Watt"
"Where Men Win Glory: The Odyssey of Pat Tillman","Jon Krakauer"
"Peace and War: Britain in 1914","Nigel Jones"
"London: the Autobiography","Jon E. Lewis"
"The Valley of Death (Sergeant 'Fancy Jack' Crossman Book 2)","Garry Douglas Kilworth"
"The Universe Inside You: The Extreme Science of the Human Body from Quantum Theory to the Mysteries of the Brain","Brian Clegg"
"Practical Criticism - A Study Of Literary Judgment","I. A. Richards"
"Burton and Swinburne in the Strange Affair of Spring Heeled Jack (Burton &amp; Swinburne Book 1)","Mark Hodder"
"The Affinity Bridge (Newbury &amp; Hobbes Investigation Book 1)","George Mann"
"The Pursuit of Power: Technology, Armed Force, and Society since A.D. 1000","William H. McNeill"
"One Continuous Mistake: Four Noble Truths for Writers (Compass)","Gail Sher"
"About Writing: Seven Essays, Four Letters, &amp; Five Interviews","Samuel R. Delany"
"1913: The Year before the Storm","Florian Illies"
"Electronics For Dummies","Gordon McComb, Cathleen Shamieh"
"The Book on the Bookshelf","Henry Petroski"
"Deep Sea and Foreign Going: Inside Shipping, the Invisible Industry that Brings You 90% of Everything","Rose George"
"Healthy at 100: How you can--at any age-- dramatically increase your life span and your health span","John Robbins"
"John Buchan: The Presbyterian Cavalier","Andrew Lownie"
"The Crime Interviews: Volume One: Bestselling Authors Talk About Writing Crime Fiction","Len Wanner"
"Quilt","Nicholas Royle"
"The Korean War (Pan Military Classics)","Max Hastings"
"Island: How Islands Transform the World","J. Edward Chamberlin"
"The World Crisis, Vol. 1 (Winston Churchill's World Crisis Collection)","Winston S. Churchill"
"Crap Towns Returns: Back by Unpopular Demand","Dan Kieran, Sam Jordison"
"Rifles: Six Years with Wellington's Legendary Sharpshooters","Mark Urban"
"Germania: A Personal History of Germans Ancient and Modern","Simon Winder"
"Among Others","Jo Walton"
"The Church of Fear: Inside The Weird World of Scientology","John Sweeney"
"The Missionary Position: Mother Teresa in Theory and Practice","Christopher Hitchens"
"Paris Trance: A Romance","Geoff Dyer"
"The Beginning of Spring","Penelope Fitzgerald"
"Orkney","Amy Sackville"
"Going Out","Scarlett Thomas"
"The Skinny Indian Takeaway Recipe Book: Authentic British Indian Restaurant Dishes Under 300, 400 And 500 Calories. The Secret To Low Calorie Indian Takeaway Food At Home.","CookNation"
"Secrecy","Rupert Thomson"
"Managing Anxiety with CBT For Dummies","Graham C. Davey, Kate Cavanagh, Fergal Jones, Lydia Turner, Adrian Whittington"
"The Russian Cosmists: The Esoteric Futurism of Nikolai Fedorov and His Followers","George M. Young"
"The King in the North: The Life and Times of Oswald of Northumbria","Max Adams"
"Ship Fever: A National Book Award Winning Historical Fiction Collection of Natural History and Science","Andrea Barrett"
"Playing at the World","Jon Peterson"
"59 Seconds: Think A Little, Change A Lot","Richard Wiseman"
"Arguably: Shortlisted for the 2012 Orwell Prize","Christopher Hitchens"
"When Money Dies","Adam Fergusson"
"The Mammoth Book of Apocalyptic SF (Mammoth Books 161)","Mike Ashley"
"Stranger Magic: Charmed States &amp; the Arabian Nights","Marina Warner"
"The Arabian Nights: Tales of 1,001 Nights: Volume 3 (The Arabian Nights or Tales from 1001 Nights)","Penguin"
"The Arabian Nights: Tales of 1,001 Nights: Volume 2 (The Arabian Nights or Tales from 1001 Nights)","Penguin"
"The Arabian Nights: Tales of 1,001 Nights: Volume 1 (The Arabian Nights or Tales from 1001 Nights)","Penguin"
"How to Get Filthy Rich In Rising Asia","Mohsin Hamid"
"The Prisoner","Omar Shahid Hamid"
"The Romanovs: The Final Chapter: The Terrible Fate of Russia's last Tsar and his Family (Great Lives)","Robert K. Massie"
"The Self-Made Tapestry: Pattern Formation in Nature","Philip Ball"
"How to Be Alone (The School of Life Book 3)","Sara Maitland"
"Schindler's Ark: The Booker Prize winning novel filmed as ‘Schindler’s List’","Thomas Keneally"
"Smarter Than Us: The Rise of Machine Intelligence","Stuart Armstrong"
"Bedlam","Christopher Brookmyre"
"Science Fiction Hobby Games: A First Survey","Neal Tringham"
"The Right Way to Play Chess","David Pritchard"
"The Crow Road: 'One of the best opening lines of any novel' Guardian","Iain Banks"
"Poetics (Oxford World's Classics)","Anthony Kenny"
"Engraved on the Eye","Saladin Ahmed"
"Acts of Union and Disunion","Linda Colley"
"Society Of The Spectacle","Guy Debord"
"Artificial Intelligence for Humans, Volume 1: Fundamental Algorithms","Jeff Heaton"
"Lost in the Cosmos: The Last Self-Help Book","Walker Percy"
"Fakes: An Anthology of Pseudo-Interviews, Faux-Lectures, Quasi-Letters, &#34;Found&#34; Texts, and Other Fraudulent Artifacts","David Shields, Matthew Vollmer"
"Tenth of December","George Saunders"
"Oblivion: Stories","David Foster Wallace"
"A Crisis of Brilliance: Five Young British Artists and the Great War","David Boyd Haycock"
"Mr Loverman: Now a major BBC television drama","Bernardine Evaristo"
"30-Second Politics: The 50 most thought-provoking ideas in politics, each explained in half a minute","Steven L. Taylor, Steven L. Taylor"
"The Fun Parts","Sam Lipsyte"
"Facing the Intelligence Explosion","Luke Muehlhauser"
"Geek Sublime: Writing Fiction, Coding Software","Vikram Chandra"
"The Mammoth Book of Alternate Histories (Mammoth Books 470)","Ian Watson, Ian Whates, Ian Watson, Ian Whates"
"30-Second Economics: The 50 Most Thought-Provoking Economic Theories, Each Explained in Half a Minute","Donald Marron, Donald Marron"
"The Examined Life: How We Lose and Find Ourselves","Stephen Grosz"
"War by Timetable: How the First World War Began","A J P Taylor"
"The Female Eunuch","Germaine Greer"
"Wolves","Simon Ings"
"Voice of the Fire","Alan Moore"
"Five Star Billionaire: A Man Booker Longlisted Literary Fiction Story of Contemporary China and Malaysia","Tash Aw"
"How I Live Now","Meg Rosoff"
"God's Own Country","Ross Raisin"
"Good As Dead (Tom Thorne Novels Book 10)","Mark Billingham"
"Swimming Home: Shortlisted for the Booker Prize 2012","Deborah Levy"
"Almost English: the heart-breaking Man Booker-longlisted novel from the author of The Exhibitionist","Charlotte Mendelson"
"Concretopia: A Journey around the Rebuilding of Postwar Britain","John Grindrod"
"Our Mathematical Universe: My Quest for the Ultimate Nature of Reality","Max Tegmark"
"This Will Make You Smarter","John Brockman, John Brockman"
"The Rehearsal","Eleanor Catton"
"Possibilities in Parallel: Seeking the Multiverse","Scientific American Editors"
"Digitized: The science of computers and how it shapes our world","Peter J. Bentley"
"Feynman's Tips on Physics: Reflections, Advice, Insights, Practice","Richard P. Feynman, Michael A Gottlieb"
"Living Paleo For Dummies","Melissa Joulwan, Kellyann Petrucci"
"No More Silly Love Songs: A Realist's Guide To Romance","Anouchka Grose"
"Reading Chekhov: A Critical Journey","Janet Malcolm"
"The Book Of Dead Philosophers","Simon Critchley"
"Jerusalem (NHB Modern Plays)","Jez Butterworth"
"Sherlock Holmes: Inspiring Lives","Roger Johnson, Jean Upton"
"Welcome to Everytown: A Journey into the English Mind","Julian Baggini"
"1493: How Europe's Discovery of the Americas Revolutionized Trade, Ecology and Life on Earth","Charles C. Mann"
"Dope Girls: The Birth Of The British Drug Underground","Marek Kohn"
"Last Trains: Dr Beeching and the death of rural England","Charles Loft"
"The Big Necessity: Adventures In The World Of Human Waste","Rose George"
"Pandaemonium 1660–1886: The Coming of the Machine as Seen by Contemporary Observers","Humphrey Jennings, Marie-Louise Jennings"
"Supercontinent: Ten Billion Years in the Life of our Planet","Ted Nield"
"London Folk Tales (Folk Tales: United Kingdom)","Helen East"
"Churchill &amp; Secret Service","David Stafford"
"Trivium 21c: Preparing young people for the future with lessons from the past","Martin Robinson"
"Do You Think What You Think You Think?","Jeremy Stangroom, Julian Baggini"
"The Physics of Finance: Predicting the Unpredictable: Can Science Beat the Market?","James Owen Weatherall"
"How Plays Work (Nick Hern Books)","David Edgar"
"The Ego Trick","Julian Baggini"
"Estates: An Intimate History","Lynsey Hanley"
"Difficult Men: From The Sopranos and The Wire to Mad Men and Breaking Bad","Brett Martin"
"What's It All About?: Philosophy &amp; the Meaning of Life","Julian Baggini"
"Londoners: The Days and Nights of London Now - As Told by Those Who Love It, Hate It, Live It, Left It and Long for It","Craig Taylor"
"Filthy English: The How, Why, When And What Of Everyday Swearing","Peter Silverton"
"The Elements of Eloquence: How to Turn the Perfect English Phrase","Mark Forsyth"
"The Mirror","Richard Skinner"
"The Professor of Poetry","Grace McCleen"
"On Writing","A.L. Kennedy"
"The War that Ended Peace: How Europe abandoned peace for the First World War","Professor Margaret MacMillan"
"The Simpsons and Their Mathematical Secrets","Simon Singh"
"Bad Science: A hilarious and informative Sunday Times bestseller on bad science in healthcare","Ben Goldacre"
"Man Belong Mrs Queen: Adventures with the Philip Worshippers","Matthew Baylis"
"Lost Worlds: What Have We Lost, &amp; Where Did It Go?","Michael Bywater"
"A Game of Thrones: The bestselling classic epic fantasy series behind the award-winning HBO and Sky TV show and phenomenon GAME OF THRONES (A Song Of Ice And Fire Book 1)","George R. R. Martin"
"Bomber Command (Pan Military Classics)","Max Hastings"
"All Hell Let Loose: The World at War 1939-1945","Max Hastings"
"The Perpetual Astonishment of Jonathon Fairfax","Christopher Shevlin"
"The Universe versus Alex Woods: An UNFORGETTABLE story of an unexpected friendship, an unlikely hero and an improbable journey","Gavin Extence"
"Fifty Stories For Fifty Years: An Unauthorised Guide To The Highlights Of Doctor Who","Andrew Hickey"
"The Grass is Singing","Doris Lessing"
"The Particle at the End of the Universe","Sean Carroll"
"On Poetry (Oberon Masters Series)","Glyn Maxwell"
"Romps, Tots and Boffins: The Strange Language of News","Robert Hutton"
"What's Stopping You? Being More Confident: Why Smart People Can Lack Confidence and What You Can Do About It","Robert Kelsey"
"The Optimism Bias: Why we're wired to look on the bright side","Tali Sharot"
"The Mammoth Book of Time Travel SF (Mammoth Books 188)","Mike Ashley"
"The Time Traveller's Almanac: The Ultimate Treasury of Time Travel Fiction - Brought to You from the Future","Ann VanderMeer, Jeff VanderMeer"
"The Science Magpie: A Miscellany of Paradoxes, Explications, Lists, Lives and Ephemera from the Wonderful World of Science (Icon Magpie)","Simon Flynn"
"Backroom Boys: The Secret Return of the British Boffin","Francis Spufford"
"The World's Greatest Idea","John Farndon"
"The White Family","Maggie Gee"
"30-second Theories: The 50 Most Thought-provoking Theories in Science","Paul Parsons, Martin Rees, Susan Blackmore, Christian Jarrett"
"T-Force: The Forgotten Heroes of 1945","Sean Longden"
"Our Fathers: From the author of the Sunday Times bestseller Caledonian Road","Andrew O'Hagan"
"Agent Provocateur: 69","Agent Provocateur"
"How to be Irresistible - the art of seduction (Agent Provocateur)","Dorcas Pelling"
"Boneland: From the author of the 2022 Booker Shortlisted Treacle Walker","Alan Garner"
"The Mammoth Book of New Sherlock Holmes Adventures (Mammoth Books 492)","Mike Ashley"
"30-Second Psychology: The 50 Most Thought-provoking Psychology Theories, Each Explained in Half a Minute","Paul Parsons, Martin Rees, Susan Blackmore, Christian Jarrett"
"Wonderbook: The Illustrated Guide to Creating Imaginative Fiction","Jeff VanderMeer"
"Castles of Steel: Britain, Germany and the Winning of the Great War at Sea","Robert K. Massie"
"TARDIS Eruditorum: An Unofficial Critical History of Doctor Who Volume 4: Tom Baker and the Hinchcliffe Years","Elizabeth Sandifer"
"A Step Farther Out","Jerry Pournelle"
"Undercover: The True Story of Britain's Secret Police","Marc  Tsurumaki, Rob Evans"
"WRITING STEAMPUNK","Beth Daniels"
"Steampunk III: Steampunk Revolution","Ann VanderMeer"
"Adventures With the Wife in Space: Living With Doctor Who","Neil Perryman"
"Do You Think You're Clever?: The Oxford and Cambridge Questions","John Farndon"
"Wilde Passions of Dorian Gray: A Novel","Mitzi Szereto"
"The Buddha of Suburbia","Hanif Kureishi"
"25,000 Years of Erotic Freedom","Alan Moore"
"Raw Spirit: In Search of the Perfect Dram","Iain Banks"
"1913: The Eve of War","Paul Ham"
"Capitalism, Socialism, and Democracy","Joseph Schumpeter"
"British History for Dummies","Sean Lang"
"The Quest for Artificial Intelligence","Nils J. Nilsson"
"How Do We Fix This Mess? The Economic Price of Having it all, and the Route to Lasting Prosperity","Robert Peston"
"30-Second Philosophies: The 50 Most Thought-provoking Philosophies, Each Explained in Half a Minute","Stephen Law, Julian Baggini, Barry Loewer"
"Starship Century","Gregory Benford, James Benford"
"Walking Home","Simon Armitage"
"The Boys of '67: Charlie Company's War in Vietnam: Charlie Company’s War in Vietnam (General Military)","Andrew Wiest"
"Unnatural Creatures","Neil Gaiman"
"QI: The Book of the Dead","John Mitchinson, John Lloyd"
"Parisians: An Adventure History of Paris","Graham Robb"
"Rhetorics of Fantasy","Farah Mendlesohn"
"The First 20 Minutes: The Surprising Science of How We Can Exercise Better, Train Smarter and Live Longer","Gretchen Reynolds"
"Turned Out Nice Again: On Living With the Weather","Richard Mabey"
"Faction Paradox: Of the City of the Saved","Philip Purser-Hallard, Lawrence Miles, Lars Pearson"
"Capital: The bestselling novel, now on Netflix","John Lanchester"
"Armchair Nation: An intimate history of Britain in front of the TV","Joe Moran"
"One Summer: America 1927 (Bryson Book 2)","Bill Bryson"
"Admirals","Andrew Lambert"
"The Whispering Muse","Sjon"
"Doctor Who: Remembrance of the Daleks: 50th Anniversary Edition","Ben Aaronovitch"
"Catastrophe: Europe Goes to War 1914. The Essential World War I Political and Military History Book by the Sunday Times Bestselling Author","Max Hastings"
"The First World War: Volume I: To Arms (First World War (Oxford) Book 1)","Hew Strachan"
"The Strangest Man: The Hidden Life of Paul Dirac, Quantum Genius","Graham Farmelo"
"The Wrestling","Simon Garfield"
"Rejoice! Rejoice!: Britain in the 1980s","Alwyn W. Turner"
"Red Riding 1974: Now on Netflix (Red Riding Quartet Book 1)","David Peace"
"Secrets of the Conqueror: The Untold Story of Britain's Most Famous Submarine","Stuart Prebble"
"Caves of Terror","Talbot Mundy"
"Heaven's Command: An Imperial Progress (Pax Britannica Book 1)","Jan Morris"
"Economyths: How the Science of Complex Systems is Transforming Economic Thought","David Orrell"
"Churchill's Wizards: The British Genius for Deception 1914-1945","Nicholas Rankin"
"The Somme Stations (Jim Stringer Book 7)","Andrew Martin"
"The Victorian City: Everyday Life in Dickens' London","Judith Flanders"
"Risk: A Very Short Introduction (Very Short Introductions)","Baruch Fischhoff, John Kadvany"
"Afterliff","John Lloyd, Jon Canter"
"Probability: A Very Short Introduction (Very Short Introductions)","John Haigh"
"The Signal and the Noise: The Art and Science of Prediction","Nate Silver"
"Quantum: Einstein, Bohr and the Great Debate About the Nature of Reality","Manjit Kumar"
"Double Entry: How the merchants of Venice shaped the modern world - and how their invention could make or break the planet","Jane Gleeson-White"
"A Brief History of Life in the Middle Ages (Brief Histories)","Martyn Whittock"
"The Game: How the World of Finance Really Works (New Edition)","Alex Buchanan"
"The Summer Isles","Ian R. MacLeod"
"Family Britain, 1951-1957 (Tales of a New Jerusalem Book 2)","David Kynaston"
"Howzat!: Kerry Packer and the Great Cricket War","Christopher Lee"
"Decoding Big Data","Portfolio Penguin"
"Sucker's Portfolio: A Collection of Previously Unpublished Writing","Kurt Vonnegut"
"The Monsters and the Critics: Famous Lectures on Linguistics and the Nature of Fantasy Literature","J. R. R. Tolkien, Christopher Tolkien"
"Doctor Who: The Wheel of Ice","Stephen Baxter"
"The Undercover Economist","Tim Harford"
"The Etymologicon: A Circular Stroll through the Hidden Connections of the English Language","Mark Forsyth"
"Six Weeks: The Short and Gallant Life of the British Officer in the First World War","John Lewis-Stempel"
"The Final Whistle: The Great War in Fifteen Players","Stephen Cooper"
"Digital Disruption: Unleashing the Next Wave of Innovation","James McQuivey"
"Save the Cat!: The Last Book on Screenwriting You'll Ever Need","Blake Snyder"
"The White Goddess: A Historical Grammar of Poetic Myth","Robert Graves"
"The Sleepwalkers: How Europe Went to War in 1914","Christopher Clark"
"Death Sentences","Kawamata Chiaki"
"The Ageless Generation: How Advances in Biomedicine Will Transform the Global Economy","Alex Zhavoronkov"
"Lemistry: A Celebration of the Work of Stanislav Lem","Stanislav Lem, Brian  Aldis, Frank  Cottrell Boyce, Annie  Clarkson, Trevor Hoyle, Jacek Dukaj, Adam Marek, Wojciech Orlinski, Toby Lit, Piotr Szulkin"
"The Jaffa Cake Man","David Blaxill"
"Race Against The Machine: How the Digital Revolution is Accelerating Innovation, Driving Productivity, and Irreversibly Transforming Employment and the Economy","Erik Brynjolfsson, Andrew McAfee"
"David Mitchell: Critical Essays (Contemporary Writers: Critical Essays Book 1)","Sarah Dillon"
"The Big Data Revolution","Jason Kolb, Jeremy Kolb"
"The Human Race to the Future: What Could Happen - and What to Do","Daniel Berleant"
"Outerbridge Reach","Robert Stone"
"Radical Abundance: How a Revolution in Nanotechnology Will Change Civilization","K. Eric Drexler"
"Surfaces and Essences: Analogy as the Fuel and Fire of Thinking","Douglas R Hofstadter, Emmanuel Sander"
"Time, Unincorporated 3: The Doctor Who Fanzine Archives: (Vol. 3: Writings on the New Series)","Steve Lyons, Kate Orman, Deborah Stanish, Lynne Thomas, Paul Magrs, Andrew Cartmel, Graeme Burk, Robert Smith, Lars Pearson"
"The High Frontier: Human Colonies In Space","Gerard O'Neill"
"The Man who Walked Through Walls (Pushkin Collection)","Marcel Aymé"
"Singularity Hypotheses: A Scientific and Philosophical Assessment (The Frontiers Collection)","Amnon H. Eden, James H Moor, Johnny H Soraker, Eric Steinhart"
"Global Catastrophic Risks","Nick Bostrom, Milan M. Cirkovic, Nick Bostrom, Milan M. Cirkovic"
"TARDIS Eruditorum - An Unofficial Critical History of Doctor Who Volume 3: Jon Pertwee","Elizabeth Sandifer"
"You Tomorrow","Ian Pearson"
"Big Data: The Essential Guide to Work, Life and Learning in the Age of Insight","Viktor Mayer-Schonberger, Kenneth Cukier"
"What Technology Wants","Kevin Kelly"
"Writing A Novel: An Anthology: London, October 2011 March 2012","Writing A Novel Students"
"Bound In Blue (Black Lace)","Monica Belle"
"How to Create a Mind: The Secret of Human Thought Revealed","Ray Kurzweil"
"Mammoth Books presents Sleepover","Alastair Reynolds"
"Blue Remembered Earth (Poseidons Children Book 1)","Alastair Reynolds"
"Danse Macabre: Non-fiction from the No. 1 bestseller","Stephen King"
"Vice Versa or A Lesson to Fathers","F. Anstey"
"The Lies That Build A Marriage","Christine Lim Suchen"
"The Stornoway Way","Kevin MacNeil"
"Terry Nation: The Man Who Invented the Daleks","Alwyn W. Turner"
"Get Productive!: Boosting Your Productivity And Getting Things Done","Magdalena Bak-Maier"
"Elegant Complexity: A Study of David Foster Wallace's Infinite Jest","Greg Carlisle"
"David Foster Wallace's Infinite Jest, Second Edition: A Reader's Guide","Stephen J. Burn"
"Faction Paradox: This Town Will Never Let Us Go","Lawrence  Miles, Lars Pearson"
"Statistics: A Very Short Introduction (Very Short Introductions Book 196)","David J. Hand"
"Time Hunter: Peculiar Lives (Time Hunter Series Book 7)","Philip Purser-Hallard"
"Every Love Story is a Ghost Story: A Life of David Foster Wallace","D.T. Max"
"The Bookman Histories","Lavie Tidhar"
"The Sorcerer's Apprentices: A Season at el Bulli","Lisa Abend"
"Mad Men and Philosophy: Nothing Is as It Seems (The Blackwell Philosophy and Pop Culture Book 20)","James B. South, Rod Carveth"
"Mindfulness: A practical guide to finding peace in a frantic world","Prof Mark Williams, Dr Danny Penman"
"Science Fiction: The 101 Best Novels 1985 2010","Damien Broderick, Paul di Filippo"
"Ian Fleming: The man who created James Bond","Andrew Lycett"
"In The Plex: How Google Thinks, Works, and Shapes Our Lives","Steven Levy"
"Maps of Time: An Introduction to Big History (California World History Library Book 2)","David Christian"
"A Little Bit of Everything For Dummies","John Wiley and Sons"
"Ersatz Wines","Christopher Priest"
"Reading Like a Writer: A Guide for People Who Love Books and for Those Who Want to Write Them","Francine Prose"